Id,Product,Quantity,Date,Shipping
kayleesmith,14,1,03/01/2005,30
joshuajones,8,1,03/01/2005,30
raymond90,10,1,05/01/2005,30
monteschristina,14,1,07/01/2005,30
smithangela,7,1,10/01/2005,30
lisaedwards,14,1,17/01/2005,30
julian55,25,1,19/01/2005,30
nunezjoseph,7,8,04/02/2005,240
billy82,31,1,08/02/2005,30
stephen22,24,1,10/02/2005,30
brandonfisher,14,1,18/02/2005,30
dudleynathan,28,1,23/02/2005,30
chelsea69,6,1,03/03/2005,30
woodbrandon,1,1,06/03/2005,30
xkennedy,6,1,07/03/2005,30
stewarttrevor,23,1,20/03/2005,30
sandrasosa,16,1,30/03/2005,30
pmeyer,7,1,31/03/2005,30
angela37,10,1,03/04/2005,30
nicholaslogan,6,1,04/04/2005,30
evanhicks,1,1,06/04/2005,30
tina22,1,1,07/04/2005,30
christensenrichard,4,1,08/04/2005,30
yolandajohnson,23,1,09/04/2005,30
matthew29,1,1,14/04/2005,30
ryan75,24,1,19/04/2005,30
davisroberto,7,1,22/04/2005,30
tluna,8,1,06/05/2005,30
jorgebrown,22,1,10/05/2005,30
charlesbrown,4,1,12/05/2005,30
keithwright,2,1,18/05/2005,30
weekselaine,6,1,18/05/2005,30
daniel00,25,1,18/05/2005,30
christopherrichardson,5,1,26/05/2005,30
chelseaosborn,2,1,27/05/2005,30
adrianagoodwin,11,1,02/06/2005,30
kellyerin,25,1,07/06/2005,30
bgordon,19,1,09/06/2005,30
linda09,28,1,19/06/2005,30
vanessavang,31,1,03/07/2005,30
michaelmoreno,1,1,07/07/2005,30
tgarcia,15,1,12/07/2005,30
denise28,32,1,13/07/2005,30
rlove,3,1,24/07/2005,30
barbara55,7,1,25/07/2005,30
youngvirginia,16,1,27/07/2005,30
annawilliams,12,1,06/08/2005,30
christianperez,10,1,08/08/2005,30
zolsen,20,1,12/08/2005,30
kingchristine,28,1,12/08/2005,30
lvaldez,22,1,15/08/2005,30
johnsonjose,23,1,16/08/2005,30
ortizheather,5,1,20/08/2005,30
orrkelly,32,1,28/08/2005,30
mirandamyers,2,1,28/08/2005,30
andersonbenjamin,10,1,31/08/2005,30
isabel35,5,3,03/09/2005,90
donald74,23,3,08/09/2005,90
peterskayla,1,1,10/09/2005,30
camposdarlene,3,10,22/09/2005,300
michael17,15,1,23/09/2005,30
sconrad,22,1,23/09/2005,30
charles18,7,1,28/09/2005,30
wlove,19,1,28/09/2005,30
hector48,20,1,02/10/2005,30
sally28,19,1,06/10/2005,30
johnsonlouis,2,1,14/10/2005,30
kimberly29,2,1,22/10/2005,30
ryanbrown,1,1,23/10/2005,30
bconner,19,5,23/10/2005,150
edwardserin,4,1,31/10/2005,30
manderson,20,1,01/11/2005,30
mccoytommy,17,1,11/11/2005,30
elliottzachary,24,1,20/11/2005,30
ajohnson,2,1,23/11/2005,30
svasquez,16,1,24/11/2005,30
martinezjillian,4,1,26/11/2005,30
brobertson,10,1,27/11/2005,30
christopherwest,9,1,30/11/2005,30
jasondonovan,15,1,30/11/2005,30
jeffrey20,14,1,04/12/2005,30
jbaker,19,1,08/12/2005,30
weaverheather,25,1,10/12/2005,30
anthonymiller,6,1,11/12/2005,30
kingmegan,26,1,12/12/2005,30
jacksonmary,26,1,16/12/2005,30
moniquemartin,28,1,18/12/2005,30
gilbertjennifer,7,1,23/12/2005,30
elizabethjohnson,7,1,30/12/2005,30
maria35,3,1,31/12/2005,30
todd03,9,1,04/01/2006,30
williamskevin,28,1,09/01/2006,30
linda26,14,1,11/01/2006,30
cardenasangelica,15,1,12/01/2006,30
ashleygray,3,1,14/01/2006,30
qwarren,27,1,17/01/2006,30
hornedawn,27,1,17/01/2006,30
ryan76,32,1,17/01/2006,30
christhomas,17,4,17/01/2006,120
timothygreen,19,1,25/01/2006,30
kevin72,1,1,25/01/2006,30
erobinson,17,1,26/01/2006,30
lovekelly,16,1,28/01/2006,30
mmoore,15,1,01/02/2006,30
nsmith,8,1,10/02/2006,30
kelsey57,3,1,14/02/2006,30
hernandezjennifer,5,1,21/02/2006,30
ycole,16,1,22/02/2006,30
jimmyalexander,19,3,04/03/2006,90
kennethfields,28,1,07/03/2006,30
bauerstephen,15,1,09/03/2006,30
careysteven,2,1,15/03/2006,30
nicolemoses,2,1,17/03/2006,30
leonardmosley,13,1,19/03/2006,30
susangonzales,24,1,29/03/2006,30
robertball,1,1,05/04/2006,30
hoganrandy,14,1,11/04/2006,30
thompsonrobert,25,1,15/04/2006,30
jenniferramos,15,1,17/04/2006,30
bowmandenise,22,1,19/04/2006,30
william19,18,1,21/04/2006,30
imartinez,7,1,23/04/2006,30
zchen,18,1,23/04/2006,30
heidi95,22,1,23/04/2006,30
laura55,18,1,24/04/2006,30
buchananbenjamin,14,1,05/05/2006,30
aaron22,20,1,06/05/2006,30
deborah00,27,1,08/05/2006,30
kevinlarsen,23,1,08/05/2006,30
ferrellanna,14,1,11/05/2006,30
carla57,3,1,14/05/2006,30
nguyenjaclyn,27,1,15/05/2006,30
cheryl98,17,1,16/05/2006,30
ijordan,21,1,17/05/2006,30
james43,9,1,24/05/2006,30
hcoleman,3,1,25/05/2006,30
ybell,2,1,29/05/2006,30
aparker,11,1,11/06/2006,30
deborahmontgomery,14,1,14/06/2006,30
mcknightsherry,11,1,15/06/2006,30
michael78,3,1,18/06/2006,30
moralesemily,7,1,22/06/2006,30
lmack,3,1,22/06/2006,30
christine83,22,1,22/06/2006,30
tannerflores,3,1,24/06/2006,30
meghanwhite,26,1,26/06/2006,30
weeksmelissa,22,1,29/06/2006,30
crandall,27,1,01/07/2006,30
arthur89,4,1,05/07/2006,30
malik22,19,1,14/07/2006,30
jamesstafford,19,1,16/07/2006,30
mathew82,22,1,16/07/2006,30
ahouse,25,1,17/07/2006,30
pearsonjames,17,1,02/08/2006,30
jamesrodriguez,1,1,06/08/2006,30
john40,19,1,08/08/2006,30
smithmartin,3,1,09/08/2006,30
brendahughes,17,1,09/08/2006,30
pachecovictoria,14,1,13/08/2006,30
mckenziedaniel,27,1,18/08/2006,30
jonathan40,3,1,19/08/2006,30
angelabooker,17,1,27/08/2006,30
patricia98,21,1,31/08/2006,30
samanthalowe,32,1,06/09/2006,30
samuelsellers,25,1,06/09/2006,30
sanfordalexandra,4,1,07/09/2006,30
swilliams,2,1,16/09/2006,30
rfoster,3,1,21/09/2006,30
scottdennis,19,1,23/09/2006,30
william87,27,1,24/09/2006,30
xcarroll,8,1,25/09/2006,30
diane83,30,1,25/09/2006,30
wanda18,22,3,12/10/2006,90
luisbush,28,1,14/10/2006,30
huntcynthia,22,1,17/10/2006,30
christy35,17,1,18/10/2006,30
tdixon,27,1,18/10/2006,30
bbarnes,17,1,24/10/2006,30
charlessmith,12,1,29/10/2006,30
nealtony,11,2,01/11/2006,60
hayleygarcia,7,1,05/11/2006,30
jensenjose,23,1,07/11/2006,30
robert88,26,1,09/11/2006,30
charles83,17,1,14/11/2006,30
erikbrown,8,1,20/11/2006,30
xsmith,30,1,21/11/2006,30
amber85,27,1,21/11/2006,30
krystalarmstrong,20,1,24/11/2006,30
david63,7,1,28/11/2006,30
erin47,3,1,29/11/2006,30
roweashley,7,1,29/11/2006,30
brandonmendez,28,1,05/12/2006,30
russellangela,22,1,05/12/2006,30
lauraadams,20,1,06/12/2006,30
malonerobert,4,1,10/12/2006,30
lauren15,3,1,14/12/2006,30
philip02,5,1,18/12/2006,30
qscott,18,1,19/12/2006,30
glenda49,8,1,20/12/2006,30
erinhall,27,1,21/12/2006,30
mooneykimberly,11,1,22/12/2006,30
combsmichelle,4,1,28/12/2006,30
spatton,7,1,02/01/2007,30
patriciarodriguez,12,1,09/01/2007,30
griffithtimothy,21,1,16/01/2007,30
sawyerkendra,2,1,17/01/2007,30
friedmanclaudia,21,1,24/01/2007,30
jamesadams,21,1,27/01/2007,30
ithompson,6,1,04/02/2007,30
gkrause,29,1,12/02/2007,30
rjones,21,1,15/02/2007,30
clarketyler,8,1,17/02/2007,30
khart,10,1,19/02/2007,30
gherrera,7,1,26/02/2007,30
ysanchez,19,1,01/03/2007,30
kellystewart,13,1,14/03/2007,30
davismark,6,1,22/03/2007,30
holmesbarbara,4,1,23/03/2007,30
elizabeth79,21,1,25/03/2007,30
laura24,23,1,29/03/2007,30
douglasross,4,1,29/03/2007,30
vjohnson,27,1,01/04/2007,30
watersangela,14,1,04/04/2007,30
edward31,18,1,06/04/2007,30
mandy74,2,1,13/04/2007,30
benjamin39,21,1,29/04/2007,30
hickmanemily,2,1,30/04/2007,30
jackson05,9,1,03/05/2007,30
bwood,21,1,04/05/2007,30
caldwellmorgan,18,1,12/05/2007,30
wanda18,2,1,15/05/2007,30
christopherboyer,21,3,17/05/2007,90
floresdanielle,27,1,21/05/2007,30
deborahpowers,1,1,21/05/2007,30
john69,30,1,29/05/2007,30
judywu,32,1,31/05/2007,30
seansellers,23,1,01/06/2007,30
williamsmelissa,14,1,03/06/2007,30
velazquezrobert,19,1,03/06/2007,30
taylorjessica,6,1,05/06/2007,30
joshuastanton,16,1,07/06/2007,30
jillian19,5,1,08/06/2007,30
catherine44,9,1,09/06/2007,30
kayleesmith,30,1,09/06/2007,30
angelamorgan,14,1,15/06/2007,30
vhickman,21,1,21/06/2007,30
cnunez,28,1,03/07/2007,30
johnstontimothy,9,1,05/07/2007,30
andersonmonica,12,1,09/07/2007,30
brian00,6,1,10/07/2007,30
mccannsuzanne,25,1,18/07/2007,30
maddoxdrew,1,1,19/07/2007,30
andreapittman,6,1,22/07/2007,30
douglasthomas,1,1,22/07/2007,30
knoxpamela,5,1,22/07/2007,30
pamelamercado,12,1,24/07/2007,30
larry04,1,1,25/07/2007,30
wagnernicole,14,1,06/08/2007,30
christine83,30,1,09/08/2007,30
awilson,24,1,12/08/2007,30
nolanemily,6,1,15/08/2007,30
bennettcatherine,11,1,16/08/2007,30
christopher46,28,1,17/08/2007,30
johnbrown,19,1,20/08/2007,30
angelaking,27,1,01/09/2007,30
scott04,28,1,05/09/2007,30
joshua95,8,1,08/09/2007,30
marvinbrooks,18,1,09/09/2007,30
joseph26,24,1,13/09/2007,30
huntereric,28,1,14/09/2007,30
michelleramirez,11,1,14/09/2007,30
meghan58,3,1,15/09/2007,30
aharris,3,1,16/09/2007,30
bradley56,21,1,23/09/2007,30
pblevins,1,1,24/09/2007,30
debra93,5,1,26/09/2007,30
fpowell,13,1,04/10/2007,30
drodriguez,3,1,04/10/2007,30
patrickbowers,17,1,04/10/2007,30
emoore,16,1,09/10/2007,30
destinythompson,8,1,10/10/2007,30
nancy48,10,1,14/10/2007,30
khankyle,19,1,16/10/2007,30
jbaker,2,1,17/10/2007,30
kelleychristopher,2,1,18/10/2007,30
jefftapia,17,1,19/10/2007,30
nthomas,3,1,23/10/2007,30
danielstuart,10,1,03/11/2007,30
eperry,21,1,04/11/2007,30
shawshelly,17,1,05/11/2007,30
ytaylor,2,1,06/11/2007,30
watsonkelly,1,1,07/11/2007,30
mchavez,24,1,09/11/2007,30
marshalljames,16,1,13/11/2007,30
halltanya,13,1,19/11/2007,30
stewartsarah,21,1,22/11/2007,30
jennifer61,9,1,24/11/2007,30
zwarren,15,1,30/11/2007,30
andrew57,4,1,16/12/2007,30
stokesdeborah,14,1,19/12/2007,30
kathleenthomas,19,1,24/12/2007,30
gonzalezchristopher,2,1,24/12/2007,30
rebeccasutton,6,1,26/12/2007,30
browntammy,1,1,09/01/2008,30
gstone,15,1,10/01/2008,30
mindy34,11,1,15/01/2008,30
osbornejuan,1,1,20/01/2008,30
matthew15,13,1,23/01/2008,30
bchang,29,1,28/01/2008,30
kelliehobbs,3,1,29/01/2008,30
nathanlevine,25,1,03/02/2008,30
oliviarodriguez,22,1,05/02/2008,30
yheath,15,1,06/02/2008,30
jennifer39,15,1,10/02/2008,30
longjames,1,1,10/02/2008,30
holly20,7,1,20/02/2008,30
nicholas80,6,1,23/02/2008,30
eramirez,16,1,25/02/2008,30
rhood,3,1,28/02/2008,30
mdavis,28,1,04/03/2008,30
benjaminmoss,3,1,14/03/2008,30
jill28,25,1,16/03/2008,30
thomascortez,10,1,16/03/2008,30
briannajenkins,19,1,20/03/2008,30
mcleanjacob,8,1,24/03/2008,30
mcdowelljohn,22,1,25/03/2008,30
sullivanshari,2,1,26/03/2008,30
jasonmills,20,3,03/04/2008,90
nwade,22,1,03/04/2008,30
davischarles,27,1,04/04/2008,30
brent42,17,1,04/04/2008,30
thurst,15,1,08/04/2008,30
george69,9,1,09/04/2008,30
rick59,28,1,15/04/2008,30
yujustin,4,1,16/04/2008,30
zachary50,28,1,17/04/2008,30
robinsonkylie,1,1,18/04/2008,30
ibowers,24,1,24/04/2008,30
josephwest,7,1,26/04/2008,30
tmiles,16,1,09/05/2008,30
paul37,21,1,13/05/2008,30
jacksonalyssa,30,1,19/05/2008,30
rodriguezcharles,3,1,20/05/2008,30
jenningsholly,14,1,31/05/2008,30
sarah00,1,1,08/06/2008,30
chanjean,5,1,08/06/2008,30
tammymiller,30,1,13/06/2008,30
gallegoslauren,18,1,17/06/2008,30
alexisjensen,20,1,17/06/2008,30
donaldbrandt,28,1,18/06/2008,30
carolyn43,15,1,14/07/2008,30
donald67,27,1,15/07/2008,30
ryan97,16,1,16/07/2008,30
patrick36,2,1,17/07/2008,30
laurie91,6,1,27/07/2008,30
rachelmaxwell,26,1,28/07/2008,30
blevinschristopher,2,1,29/07/2008,30
trodriguez,2,1,29/07/2008,30
tross,1,1,04/08/2008,30
jasonmcdonald,24,1,09/08/2008,30
bhicks,18,1,10/08/2008,30
stephanie45,2,1,14/08/2008,30
belltamara,3,1,15/08/2008,30
ericjackson,19,1,19/08/2008,30
melissagibson,5,2,24/08/2008,60
wilsondanielle,25,1,24/08/2008,30
robertasims,3,1,29/08/2008,30
delgadohannah,7,1,03/09/2008,30
johnsonbetty,25,1,05/09/2008,30
hughesadam,22,1,05/09/2008,30
kimnewton,5,1,20/09/2008,30
wbutler,27,1,26/09/2008,30
qcastillo,27,1,02/10/2008,30
moorejohn,7,1,06/10/2008,30
wward,4,3,10/10/2008,90
mbutler,22,1,14/10/2008,30
ypadilla,28,1,14/10/2008,30
oliviarodriguez,20,1,15/10/2008,30
leemichelle,4,1,19/10/2008,30
nfaulkner,4,1,26/10/2008,30
kevingalloway,2,1,29/10/2008,30
zbowen,2,1,05/11/2008,30
jodi33,8,1,14/11/2008,30
benjamin42,27,1,18/11/2008,30
harmstrong,6,1,21/11/2008,30
dawn15,23,1,03/12/2008,30
stephanie29,10,3,05/12/2008,90
wwilson,3,1,15/12/2008,30
msmith,25,1,19/12/2008,30
deborah58,7,1,20/12/2008,30
jade14,17,1,22/12/2008,30
kellywilliams,8,1,26/12/2008,30
pcameron,4,1,26/12/2008,30
robinatkins,28,1,27/12/2008,30
justinjackson,20,1,01/01/2009,30
hernandezshannon,21,1,01/01/2009,30
fking,25,1,01/01/2009,30
brianhenry,5,1,04/01/2009,30
dberg,17,1,09/01/2009,30
lisawilliams,20,4,12/01/2009,120
emilyscott,27,1,13/01/2009,30
ngriffin,3,1,13/01/2009,30
pricerichard,28,1,15/01/2009,30
tharris,4,1,16/01/2009,30
donald74,12,1,19/01/2009,30
kevin01,5,1,20/01/2009,30
jenniferharvey,15,1,24/01/2009,30
garciacaitlin,15,1,25/01/2009,30
imoody,32,1,26/01/2009,30
cortezneil,22,1,28/01/2009,30
simpsonkatie,19,1,31/01/2009,30
melvin14,27,1,31/01/2009,30
lcobb,29,1,01/02/2009,30
kennethjackson,25,4,06/02/2009,120
mbrown,17,1,06/02/2009,30
charlesbrown,5,1,10/02/2009,30
rosealexandra,16,1,14/02/2009,30
timothy11,15,1,15/02/2009,30
kevinbender,19,1,17/02/2009,30
markharris,24,1,22/02/2009,30
keith84,3,1,24/02/2009,30
taylorvirginia,31,1,28/02/2009,30
amanda86,27,1,28/02/2009,30
michelebrown,28,1,02/03/2009,30
jonathan69,17,6,04/03/2009,180
vasquezheather,4,1,07/03/2009,30
katherine69,22,1,09/03/2009,30
calvin54,3,1,12/03/2009,30
zporter,6,1,14/03/2009,30
leonrenee,32,1,15/03/2009,30
michelle73,27,1,17/03/2009,30
amber23,23,1,18/03/2009,30
billy88,4,1,20/03/2009,30
tammy93,10,1,20/03/2009,30
woodwardsteven,4,1,20/03/2009,30
thomassantiago,28,1,21/03/2009,30
vboyer,26,1,28/03/2009,30
fernandezcaitlin,32,1,03/04/2009,30
millerdarren,19,1,05/04/2009,30
yjackson,3,1,06/04/2009,30
blevinsdavid,12,1,13/04/2009,30
ncox,5,1,16/04/2009,30
tcameron,2,1,22/04/2009,30
jacquelinepatel,21,1,25/04/2009,30
john80,19,1,25/04/2009,30
tbradford,30,1,25/04/2009,30
hsparks,16,1,26/04/2009,30
holly66,2,1,27/04/2009,30
haydenadam,15,1,30/04/2009,30
john27,25,1,30/04/2009,30
bowmandenise,20,1,02/05/2009,30
noliver,1,1,04/05/2009,30
alyssajackson,24,1,05/05/2009,30
jgordon,23,1,15/05/2009,30
dianaharris,30,1,22/05/2009,30
clarkjamie,15,1,22/05/2009,30
osbornejuan,21,1,22/05/2009,30
ginamosley,17,1,23/05/2009,30
maynardmichael,5,1,24/05/2009,30
harriscourtney,18,1,26/05/2009,30
dwarren,21,1,29/05/2009,30
dianaanderson,4,1,31/05/2009,30
uayers,21,1,01/06/2009,30
youngpedro,30,1,02/06/2009,30
jackson59,30,1,03/06/2009,30
patricialong,23,1,04/06/2009,30
johncarter,16,1,04/06/2009,30
donald67,24,1,06/06/2009,30
kathysavage,25,1,17/06/2009,30
ryanjohnson,19,1,22/06/2009,30
glovertiffany,17,4,27/06/2009,120
imoody,4,1,28/06/2009,30
umann,3,1,30/06/2009,30
anitawise,5,1,30/06/2009,30
keithmccarthy,19,1,02/07/2009,30
xdennis,27,1,04/07/2009,30
ofrench,11,1,06/07/2009,30
byrdteresa,14,1,06/07/2009,30
xbailey,19,1,07/07/2009,30
xavier83,5,1,09/07/2009,30
christopherjohnson,19,1,09/07/2009,30
qdillon,20,1,11/07/2009,30
nsmith,27,1,11/07/2009,30
maddenjames,18,1,11/07/2009,30
jon12,6,1,12/07/2009,30
hughesadam,25,1,12/07/2009,30
matthew52,16,1,18/07/2009,30
bellshelly,6,1,21/07/2009,30
daniellewheeler,24,1,31/07/2009,30
lesliewalker,22,1,02/08/2009,30
robertsonstephanie,11,1,06/08/2009,30
qsmith,21,1,09/08/2009,30
estradastacie,2,1,11/08/2009,30
rwhitaker,8,7,14/08/2009,210
josephgreen,1,1,17/08/2009,30
joseph38,1,1,20/08/2009,30
ballmegan,4,1,25/08/2009,30
reidsarah,3,2,26/08/2009,60
lynnmeadows,20,1,29/08/2009,30
tobrien,19,1,31/08/2009,30
brownkyle,20,8,01/09/2009,240
garyharris,5,1,03/09/2009,30
hendersondaniel,18,1,03/09/2009,30
joshua23,14,1,08/09/2009,30
millerdaniel,8,1,13/09/2009,30
bbrown,2,1,14/09/2009,30
stephen83,15,1,14/09/2009,30
ashley19,21,1,19/09/2009,30
carrie66,18,1,23/09/2009,30
jhernandez,6,1,28/09/2009,30
spencermarshall,1,1,29/09/2009,30
james20,3,1,29/09/2009,30
singhjordan,7,1,02/10/2009,30
djones,8,1,12/10/2009,30
cshah,6,1,13/10/2009,30
john20,24,1,13/10/2009,30
kaylagarcia,22,1,20/10/2009,30
woodheidi,14,1,22/10/2009,30
robinsontamara,21,1,22/10/2009,30
carsonscott,8,1,25/10/2009,30
arogers,19,4,27/10/2009,120
samanthabrown,15,1,04/11/2009,30
kathleenoconnor,28,1,05/11/2009,30
derrick68,7,1,09/11/2009,30
batesernest,15,1,13/11/2009,30
robertdavis,18,1,14/11/2009,30
bennettcatherine,27,1,03/12/2009,30
kellyhall,16,2,05/12/2009,60
davidcharles,8,1,07/12/2009,30
uvasquez,30,1,09/12/2009,30
roger08,5,1,10/12/2009,30
riveratabitha,24,1,10/12/2009,30
qcarter,3,1,13/12/2009,30
richard55,23,1,15/12/2009,30
allenmichael,21,1,15/12/2009,30
tammy00,2,1,21/12/2009,30
brian19,16,1,31/12/2009,30
karawhite,25,1,02/01/2010,30
kcoleman,6,1,03/01/2010,30
christina42,5,1,10/01/2010,30
velasquezsteven,23,1,11/01/2010,30
joshuahuffman,3,1,14/01/2010,30
thomaswilliams,24,1,14/01/2010,30
jasminebarker,22,1,18/01/2010,30
tayloralisha,2,3,22/01/2010,90
zhayes,25,1,25/01/2010,30
david03,3,2,28/01/2010,60
tuckernathaniel,10,1,31/01/2010,30
sthomas,14,1,02/02/2010,30
richardcurtis,24,1,04/02/2010,30
umoore,3,1,06/02/2010,30
bvazquez,8,1,11/02/2010,30
mooredeborah,15,1,11/02/2010,30
thomasmark,30,1,13/02/2010,30
ischmidt,21,1,19/02/2010,30
ystrickland,23,1,22/02/2010,30
dianaschwartz,4,1,24/02/2010,30
bartonandrew,20,1,26/02/2010,30
johnsonwilliam,2,1,27/02/2010,30
schaefertheresa,15,1,08/03/2010,30
craig98,15,1,10/03/2010,30
ibrandt,1,1,11/03/2010,30
joseph37,13,1,12/03/2010,30
juliebutler,27,1,12/03/2010,30
cday,3,1,13/03/2010,30
alexandra66,16,1,19/03/2010,30
richard41,16,1,19/03/2010,30
arthur38,16,1,19/03/2010,30
mckaymichael,17,1,20/03/2010,30
jean20,14,1,22/03/2010,30
jonesroberto,9,1,23/03/2010,30
michellefletcher,24,1,24/03/2010,30
sandersgregory,26,1,25/03/2010,30
hjackson,16,1,25/03/2010,30
whitebrent,7,1,16/04/2010,30
sandraphelps,10,1,18/04/2010,30
palexander,30,1,20/04/2010,30
tiffany46,27,1,23/04/2010,30
khubbard,22,1,23/04/2010,30
victoria40,2,1,24/04/2010,30
mariaflores,24,1,28/04/2010,30
vreed,16,1,28/04/2010,30
howard46,7,1,29/04/2010,30
eileengay,17,1,01/05/2010,30
jackie72,10,1,07/05/2010,30
elizabethbeasley,25,1,10/05/2010,30
vcohen,30,1,13/05/2010,30
adamschultz,29,1,13/05/2010,30
johnsonjesse,31,1,14/05/2010,30
walkerdawn,3,1,15/05/2010,30
imclean,25,1,19/05/2010,30
bartonlisa,10,1,20/05/2010,30
megan35,15,1,25/05/2010,30
michelewheeler,4,1,27/05/2010,30
scottjennifer,18,1,03/06/2010,30
josephmunoz,7,1,04/06/2010,30
carlos52,9,9,06/06/2010,270
tamaradominguez,2,1,08/06/2010,30
johnsonantonio,28,1,11/06/2010,30
derekmartinez,1,1,12/06/2010,30
lawrence64,20,1,25/06/2010,30
christy35,10,3,25/06/2010,90
zanderson,19,1,27/06/2010,30
david76,22,1,10/07/2010,30
michelle00,16,1,12/07/2010,30
kristophermelton,16,1,17/07/2010,30
nelsonchristopher,32,2,18/07/2010,60
daniellebuck,19,1,19/07/2010,30
mark72,2,1,26/07/2010,30
danielbrennan,26,1,30/07/2010,30
alexandertyler,30,1,02/08/2010,30
danielsmichael,27,1,13/08/2010,30
jensenjoshua,2,1,14/08/2010,30
steven48,14,1,15/08/2010,30
contreraschristopher,3,1,18/08/2010,30
kbarnes,3,1,22/08/2010,30
austin03,1,1,04/09/2010,30
peterjames,15,1,09/09/2010,30
mooreanne,18,1,13/09/2010,30
smithdesiree,22,1,16/09/2010,30
amanda82,31,1,25/09/2010,30
gonzalezsonya,28,1,28/09/2010,30
vhutchinson,20,1,28/09/2010,30
uhobbs,23,1,01/10/2010,30
martinezjacqueline,6,1,10/10/2010,30
erinshepherd,14,1,11/10/2010,30
scottashley,22,1,16/10/2010,30
robertgarcia,32,1,18/10/2010,30
matthewday,2,2,19/10/2010,60
kimberly13,12,1,20/10/2010,30
michaelmartinez,22,1,22/10/2010,30
jesselopez,16,1,24/10/2010,30
nferguson,19,1,26/10/2010,30
cpatrick,30,1,27/10/2010,30
qsalas,7,1,05/11/2010,30
martinezjeffrey,1,1,06/11/2010,30
briannataylor,6,1,08/11/2010,30
elliottsuzanne,20,1,11/11/2010,30
jenniferwheeler,5,1,12/11/2010,30
xgray,14,1,18/11/2010,30
warnerronald,16,1,23/11/2010,30
cheryl40,28,1,26/11/2010,30
hensonjennifer,7,1,26/11/2010,30
heather02,1,1,30/11/2010,30
jameswilliamson,4,1,02/12/2010,30
fstevens,4,1,07/12/2010,30
rayjonathan,18,1,10/12/2010,30
olsoncarl,25,1,11/12/2010,30
lewisashley,5,1,11/12/2010,30
edwingarcia,8,2,14/12/2010,60
kenneth03,18,1,14/12/2010,30
melissalewis,25,1,21/12/2010,30
stewartwendy,21,1,22/12/2010,30
samuel05,25,1,22/12/2010,30
vacosta,22,1,23/12/2010,30
ycampos,22,1,31/12/2010,30
jeffery11,1,7,31/12/2010,210
thomasmiguel,3,7,03/01/2011,210
allengail,15,1,03/01/2011,30
ferrellanna,12,1,04/01/2011,30
ihiggins,28,1,06/01/2011,30
rosborne,6,1,09/01/2011,30
cruztravis,24,1,13/01/2011,30
cynthiabooker,16,1,14/01/2011,30
michaelmorton,17,1,16/01/2011,30
beckeranthony,6,1,16/01/2011,30
taylor28,8,1,29/01/2011,30
clee,8,1,30/01/2011,30
hogankeith,20,1,30/01/2011,30
garzaangela,18,1,31/01/2011,30
jamestodd,6,1,02/02/2011,30
daniel62,30,1,06/02/2011,30
wandagarcia,24,1,10/02/2011,30
jonesshannon,21,1,12/02/2011,30
flowerswilliam,27,1,16/02/2011,30
clayton80,12,1,17/02/2011,30
susanadams,19,1,26/02/2011,30
christine94,8,1,02/03/2011,30
michaeldavis,2,1,03/03/2011,30
jessica10,23,1,05/03/2011,30
nmiller,7,1,05/03/2011,30
lisaford,8,1,10/03/2011,30
paul37,28,1,10/03/2011,30
thomaswhitney,23,1,10/03/2011,30
zbowen,15,1,13/03/2011,30
browncatherine,18,1,16/03/2011,30
kimwest,5,1,16/03/2011,30
ctaylor,6,1,17/03/2011,30
isullivan,25,1,17/03/2011,30
ryanpatel,1,1,18/03/2011,30
christianball,16,2,18/03/2011,60
schneidersteven,6,1,22/03/2011,30
yangchristopher,19,1,24/03/2011,30
george01,3,1,25/03/2011,30
ydixon,2,1,29/03/2011,30
katie78,4,1,01/04/2011,30
huynhjennifer,27,1,05/04/2011,30
eugenereed,27,1,05/04/2011,30
wconley,5,1,08/04/2011,30
coopermichael,19,1,09/04/2011,30
michael16,1,1,10/04/2011,30
fosterjohn,15,1,13/04/2011,30
blackjulie,8,1,18/04/2011,30
diana32,20,1,20/04/2011,30
tamarayang,2,1,22/04/2011,30
nbrown,14,1,22/04/2011,30
mphillips,29,1,27/04/2011,30
hector48,16,1,11/05/2011,30
andrea65,10,1,15/05/2011,30
edward31,4,1,29/05/2011,30
joseolson,12,1,31/05/2011,30
michaelnicholson,28,1,31/05/2011,30
vcarter,26,1,02/06/2011,30
hansonadam,9,1,07/06/2011,30
kennedyjamie,6,1,09/06/2011,30
ialexander,11,1,11/06/2011,30
jimmytorres,22,1,11/06/2011,30
margaret09,20,1,12/06/2011,30
crawfordangela,7,1,12/06/2011,30
fgutierrez,8,1,17/06/2011,30
christinegreen,28,1,19/06/2011,30
lisa31,3,1,19/06/2011,30
jasminelopez,3,1,20/06/2011,30
timothy19,23,1,21/06/2011,30
kentdustin,23,1,27/06/2011,30
wendy01,2,1,28/06/2011,30
mathew82,4,1,28/06/2011,30
patrickfuller,21,1,29/06/2011,30
dianavargas,18,3,03/07/2011,90
michael70,19,1,05/07/2011,30
lisalamb,10,1,06/07/2011,30
nward,22,1,08/07/2011,30
todddanielle,21,1,09/07/2011,30
tharris,10,1,11/07/2011,30
edwardsdavid,30,1,15/07/2011,30
kathleen97,18,1,20/07/2011,30
aprilfrederick,7,1,20/07/2011,30
kenneth02,13,1,26/07/2011,30
estradastacie,1,1,27/07/2011,30
williamlutz,3,1,31/07/2011,30
tiffany97,24,1,01/08/2011,30
christopher48,7,1,01/08/2011,30
imccoy,5,1,05/08/2011,30
ngibson,10,1,07/08/2011,30
martinwood,3,1,13/08/2011,30
grose,19,1,14/08/2011,30
scottrogers,7,1,15/08/2011,30
coxtiffany,17,1,17/08/2011,30
robertowen,18,1,25/08/2011,30
robertmerritt,17,1,26/08/2011,30
ymartin,24,1,27/08/2011,30
christinaward,23,1,28/08/2011,30
annemiller,1,1,31/08/2011,30
jameswood,32,1,03/09/2011,30
harrisonchristopher,3,1,09/09/2011,30
andrea51,7,1,09/09/2011,30
wterry,17,1,11/09/2011,30
garciaalex,27,1,14/09/2011,30
roweashley,3,1,14/09/2011,30
brandonreyes,15,1,17/09/2011,30
iscott,16,1,29/09/2011,30
stonemary,27,6,29/09/2011,180
michaelbaxter,23,1,03/10/2011,30
sarahwilson,20,1,06/10/2011,30
megan96,14,1,06/10/2011,30
adam28,1,1,08/10/2011,30
ncalderon,25,1,16/10/2011,30
hernandezjeremy,6,1,23/10/2011,30
paul68,24,1,24/10/2011,30
staceyvaughn,28,1,26/10/2011,30
gdavidson,22,1,28/10/2011,30
jennifer88,18,1,28/10/2011,30
dennisfranklin,4,1,29/10/2011,30
andreahernandez,2,1,03/11/2011,30
dyoung,2,1,05/11/2011,30
cpatterson,27,1,06/11/2011,30
phyllislopez,18,1,10/11/2011,30
newmanmariah,15,1,11/11/2011,30
hphillips,1,1,11/11/2011,30
robin71,11,1,12/11/2011,30
kpadilla,20,1,13/11/2011,30
blackjanet,2,1,16/11/2011,30
contreraschristopher,29,1,22/11/2011,30
mcintyrekim,28,1,26/11/2011,30
vanessamoreno,21,3,28/11/2011,90
megan40,26,1,28/11/2011,30
jharmon,23,1,06/12/2011,30
orrkelly,28,1,07/12/2011,30
lauragonzales,1,1,10/12/2011,30
ericwilliams,6,1,10/12/2011,30
comptonmeagan,2,1,12/12/2011,30
gomezsteven,15,1,12/12/2011,30
annawilliams,3,1,13/12/2011,30
cooleylindsay,19,1,25/12/2011,30
lsoto,8,1,27/12/2011,30
qdavis,4,1,31/12/2011,30
williamhaley,14,1,01/01/2012,30
onealjason,25,1,03/01/2012,30
juanhutchinson,25,1,04/01/2012,30
alexis42,18,1,06/01/2012,30
sandersgregory,16,1,08/01/2012,30
mhowell,15,1,22/01/2012,30
michaelramos,3,1,26/01/2012,30
swansonmarcus,19,1,28/01/2012,30
seandavis,13,1,28/01/2012,30
katherineperez,30,1,28/01/2012,30
johnsonmichael,29,1,30/01/2012,30
ufitzgerald,15,1,02/02/2012,30
alicia92,1,6,02/02/2012,180
christopher56,19,1,10/02/2012,30
simpsoncaleb,13,1,10/02/2012,30
suzannewashington,1,1,11/02/2012,30
theresa56,24,1,13/02/2012,30
crystal12,6,1,22/02/2012,30
transhannon,1,1,24/02/2012,30
louis94,27,1,24/02/2012,30
edavis,18,1,25/02/2012,30
valexander,21,1,27/02/2012,30
joseph11,14,1,04/03/2012,30
antoniomoore,24,1,09/03/2012,30
thobbs,1,1,19/03/2012,30
gregorytony,6,1,23/03/2012,30
kelly59,15,1,26/03/2012,30
nolanemily,20,1,27/03/2012,30
priceamanda,17,1,30/03/2012,30
cwatson,21,1,07/04/2012,30
ycooper,5,1,09/04/2012,30
upearson,24,1,13/04/2012,30
fflowers,14,1,14/04/2012,30
lewiskenneth,10,1,19/04/2012,30
tiffany79,27,1,20/04/2012,30
claytonjames,7,1,25/04/2012,30
goodmanashley,19,1,27/04/2012,30
barneselaine,5,1,27/04/2012,30
ldunn,1,1,30/04/2012,30
elizabethhernandez,15,1,30/04/2012,30
catherine51,5,1,02/05/2012,30
duncanjames,18,1,12/05/2012,30
cjames,27,1,13/05/2012,30
alexandertyler,16,1,14/05/2012,30
mclaughlinkathryn,1,1,15/05/2012,30
stephaniechung,2,1,16/05/2012,30
jamesmary,1,1,16/05/2012,30
watkinson,26,1,18/05/2012,30
meghan65,26,1,21/05/2012,30
williamjackson,18,1,21/05/2012,30
christopherboyer,2,1,22/05/2012,30
howardtyler,23,1,24/05/2012,30
lowerycody,13,3,24/05/2012,90
brett29,18,1,25/05/2012,30
kimberlysimpson,25,1,30/05/2012,30
renee24,21,1,06/06/2012,30
davidbrown,21,1,06/06/2012,30
richardhenderson,18,1,12/06/2012,30
pughmichael,11,1,13/06/2012,30
amanda12,7,1,13/06/2012,30
kristen41,16,1,13/06/2012,30
samuelrubio,14,1,15/06/2012,30
robertsjeffery,25,1,19/06/2012,30
josephgreen,7,1,20/06/2012,30
beckeranthony,30,1,20/06/2012,30
danielmarsh,10,1,24/06/2012,30
perezaaron,28,1,25/06/2012,30
robertgeorge,23,1,27/06/2012,30
brittneyserrano,12,1,09/07/2012,30
vargasrichard,24,1,12/07/2012,30
vmarshall,1,1,14/07/2012,30
leslie92,7,1,15/07/2012,30
alisongarza,23,1,18/07/2012,30
thomasbrad,6,1,21/07/2012,30
margaret79,5,1,23/07/2012,30
davistamara,21,1,28/07/2012,30
jclayton,26,1,31/07/2012,30
plewis,27,1,04/08/2012,30
jenniferrodriguez,13,1,10/08/2012,30
carlsondaniel,4,1,10/08/2012,30
ajohnson,6,1,20/08/2012,30
lawrence39,28,1,20/08/2012,30
anthony41,28,1,20/08/2012,30
johnsullivan,21,1,24/08/2012,30
bmeyer,24,1,25/08/2012,30
rgutierrez,27,1,27/08/2012,30
nguyendaniel,28,1,27/08/2012,30
joshua23,22,9,30/08/2012,270
espinozamargaret,1,1,30/08/2012,30
cindy87,25,1,30/08/2012,30
meganrodriguez,17,1,31/08/2012,30
rodriguezkimberly,29,1,02/09/2012,30
uwebb,5,1,05/09/2012,30
colleenjones,16,1,06/09/2012,30
buckemily,5,1,07/09/2012,30
bernardfrancis,2,2,13/09/2012,60
miguel37,18,8,15/09/2012,240
robertskelsey,26,1,17/09/2012,30
clarkjoshua,4,1,18/09/2012,30
richardsadam,22,1,19/09/2012,30
gburnett,19,1,19/09/2012,30
richard45,2,1,20/09/2012,30
stephen69,15,1,26/09/2012,30
jennifer97,9,1,01/10/2012,30
manuel83,27,1,04/10/2012,30
steven84,25,1,05/10/2012,30
christinahampton,3,1,13/10/2012,30
robertsjulie,11,1,17/10/2012,30
jensensharon,15,1,19/10/2012,30
williamfreeman,24,1,28/10/2012,30
wilsonkristen,15,1,29/10/2012,30
arobinson,13,1,29/10/2012,30
fwilliams,13,1,29/10/2012,30
janice47,16,1,01/11/2012,30
kkramer,1,1,02/11/2012,30
dominguezlaura,18,1,03/11/2012,30
haroldzhang,2,1,13/11/2012,30
jennifer05,23,1,14/11/2012,30
glassbenjamin,1,1,17/11/2012,30
david91,11,1,22/11/2012,30
sjensen,17,1,22/11/2012,30
yshort,25,1,25/11/2012,30
alyssagrant,14,1,29/11/2012,30
thomas35,2,1,30/11/2012,30
sheryl33,22,1,02/12/2012,30
dadams,32,1,03/12/2012,30
jonathanfox,8,1,04/12/2012,30
joann32,2,1,14/12/2012,30
stevenphillips,2,1,15/12/2012,30
hjackson,6,1,20/12/2012,30
watsonedward,21,1,21/12/2012,30
xnguyen,11,1,26/12/2012,30
patriciasmith,30,1,27/12/2012,30
cowandavid,2,1,28/12/2012,30
georgecochran,20,1,29/12/2012,30
vgreene,14,1,30/12/2012,30
sgutierrez,5,1,01/01/2013,30
ugonzalez,8,1,04/01/2013,30
joseph06,7,2,11/01/2013,60
ksmith,3,1,13/01/2013,30
william90,7,1,14/01/2013,30
rlove,30,1,14/01/2013,30
angie15,28,2,17/01/2013,60
johnsonbetty,16,1,18/01/2013,30
johnny63,2,1,19/01/2013,30
dudleyelizabeth,4,1,19/01/2013,30
staffordrobert,7,1,20/01/2013,30
clarkcasey,1,1,22/01/2013,30
vicki46,8,3,23/01/2013,90
coledavid,8,1,24/01/2013,30
dennisjessica,11,1,24/01/2013,30
april77,16,1,27/01/2013,30
charlesmartin,32,1,29/01/2013,30
vbush,4,1,30/01/2013,30
jill77,22,1,31/01/2013,30
jamessanders,18,1,02/02/2013,30
evanssamantha,9,1,02/02/2013,30
brownfrances,25,1,02/02/2013,30
allisongray,9,1,12/02/2013,30
wcarter,18,1,22/02/2013,30
kimberlyfuller,13,1,25/02/2013,30
wagnererin,27,1,28/02/2013,30
porterandrea,8,4,04/03/2013,120
jesse48,2,1,05/03/2013,30
mcguireryan,3,1,07/03/2013,30
ycole,28,1,09/03/2013,30
kimberly50,17,1,11/03/2013,30
qparker,4,1,17/03/2013,30
brewerkristine,19,1,19/03/2013,30
ryan99,18,1,22/03/2013,30
lawsoncindy,3,1,23/03/2013,30
carrie81,18,3,25/03/2013,90
hollylivingston,27,1,26/03/2013,30
austinzachary,21,1,26/03/2013,30
stacy92,4,1,26/03/2013,30
curtismatthews,17,1,28/03/2013,30
robertball,24,1,01/04/2013,30
carlsonhaley,15,1,01/04/2013,30
stephen66,8,1,05/04/2013,30
michaeljones,2,1,06/04/2013,30
juanhodge,25,1,12/04/2013,30
brownpaul,17,1,12/04/2013,30
charlottemcdonald,20,1,19/04/2013,30
amy51,25,4,20/04/2013,120
jeffreypalmer,4,1,22/04/2013,30
lmorrison,11,1,23/04/2013,30
donna80,27,1,25/04/2013,30
miranda01,4,1,27/04/2013,30
tbentley,1,1,28/04/2013,30
whahn,1,1,01/05/2013,30
chasekurt,14,1,02/05/2013,30
chelseanelson,2,1,04/05/2013,30
jane10,25,1,09/05/2013,30
friley,20,1,12/05/2013,30
tanya19,28,1,14/05/2013,30
susan61,24,1,15/05/2013,30
susan66,32,1,19/05/2013,30
kperez,29,1,20/05/2013,30
aharvey,24,1,20/05/2013,30
troysmith,9,1,21/05/2013,30
danielsmichael,15,1,23/05/2013,30
carol08,17,1,23/05/2013,30
ericasilva,4,1,26/05/2013,30
jenniferrichards,21,1,26/05/2013,30
hrogers,2,1,27/05/2013,30
cmiles,12,1,29/05/2013,30
gburke,26,1,29/05/2013,30
rodneyperez,2,1,02/06/2013,30
shawn55,19,1,03/06/2013,30
ladams,7,1,07/06/2013,30
jacobharper,22,1,08/06/2013,30
wlee,15,1,09/06/2013,30
aaron73,23,1,14/06/2013,30
cmack,17,1,15/06/2013,30
hannah38,5,1,15/06/2013,30
dsolis,11,1,20/06/2013,30
lisarobertson,5,1,20/06/2013,30
daniel68,9,1,28/06/2013,30
hrodriguez,23,1,30/06/2013,30
robinsontamara,26,1,01/07/2013,30
sarah70,3,4,01/07/2013,120
christopher46,7,1,03/07/2013,30
johnsonjerry,7,1,03/07/2013,30
aglover,6,1,08/07/2013,30
donnacook,2,1,09/07/2013,30
mmorton,10,1,10/07/2013,30
kmiller,4,1,12/07/2013,30
ballardanne,2,1,14/07/2013,30
laurenberry,3,1,15/07/2013,30
ijohnson,22,1,24/07/2013,30
rodneyroth,20,1,26/07/2013,30
josesavage,8,1,31/07/2013,30
andrea51,8,1,04/08/2013,30
william14,23,1,06/08/2013,30
johnsonterri,1,1,06/08/2013,30
mitchellsmith,17,1,10/08/2013,30
christopher04,16,1,12/08/2013,30
stephanie93,16,1,12/08/2013,30
mpeterson,27,1,17/08/2013,30
adam75,6,1,18/08/2013,30
imartinez,28,1,22/08/2013,30
shelby12,32,1,24/08/2013,30
heather67,6,1,26/08/2013,30
vrojas,8,1,28/08/2013,30
golson,28,1,01/09/2013,30
tanya58,21,1,01/09/2013,30
thomassteven,20,1,08/09/2013,30
kbailey,2,1,13/09/2013,30
jmaynard,3,1,20/09/2013,30
katherine53,1,1,21/09/2013,30
pricejacqueline,25,1,23/09/2013,30
zolsen,18,1,26/09/2013,30
bakerdavid,6,1,26/09/2013,30
sharibrown,15,1,28/09/2013,30
donna06,22,1,01/10/2013,30
lopezchristine,22,1,03/10/2013,30
phelpstasha,18,1,05/10/2013,30
christophersingh,21,1,06/10/2013,30
tschwartz,4,1,13/10/2013,30
gterry,24,1,14/10/2013,30
welchmatthew,28,1,15/10/2013,30
vhernandez,26,1,19/10/2013,30
kaylagarcia,29,1,20/10/2013,30
treyes,16,1,23/10/2013,30
jaclynlewis,22,1,25/10/2013,30
carly72,17,1,06/11/2013,30
zachary00,22,1,06/11/2013,30
spalmer,15,1,07/11/2013,30
gary25,22,1,13/11/2013,30
pwilliams,16,1,16/11/2013,30
nathangraham,17,1,24/11/2013,30
christine50,23,1,27/11/2013,30
zacharytorres,2,1,30/11/2013,30
bakerjohn,10,1,01/12/2013,30
robertodonnell,7,1,02/12/2013,30
yateswendy,24,1,05/12/2013,30
andrea98,4,3,06/12/2013,90
proctordonald,15,1,25/12/2013,30
sharon79,8,1,26/12/2013,30
gloriakrueger,5,1,28/12/2013,30
gonzalesjustin,15,1,30/12/2013,30
bradshawkim,1,1,06/01/2014,30
brian53,1,7,06/01/2014,210
rachel13,19,1,08/01/2014,30
murrayalexis,16,1,09/01/2014,30
brianlee,28,1,15/01/2014,30
kathleenbrown,21,1,16/01/2014,30
gwalker,19,1,22/01/2014,30
kendrahernandez,9,1,23/01/2014,30
danielmoore,4,1,24/01/2014,30
vwatkins,27,1,25/01/2014,30
dherring,7,1,25/01/2014,30
jennifer65,3,1,30/01/2014,30
stevenmckay,1,1,01/02/2014,30
davidcamacho,3,1,03/02/2014,30
jacqueline98,11,1,04/02/2014,30
sarahchandler,6,1,06/02/2014,30
audreywilliams,15,1,09/02/2014,30
conleymichelle,17,1,09/02/2014,30
lucasrobinson,14,1,19/02/2014,30
hjimenez,23,1,20/02/2014,30
wallslindsey,7,1,22/02/2014,30
cardenasangelica,32,1,03/03/2014,30
wardheather,18,1,04/03/2014,30
theresa94,29,1,06/03/2014,30
camposconnor,11,1,08/03/2014,30
wilsonbrianna,19,1,09/03/2014,30
jessica39,21,1,10/03/2014,30
alester,21,1,10/03/2014,30
reneeedwards,15,1,11/03/2014,30
melaniebarker,12,1,12/03/2014,30
george36,19,1,15/03/2014,30
zamorathomas,16,1,16/03/2014,30
marissaking,3,1,16/03/2014,30
weeksmelissa,21,1,17/03/2014,30
coledavid,15,1,22/03/2014,30
thompsonpatricia,27,1,25/03/2014,30
jonathan44,3,1,27/03/2014,30
tracylivingston,3,1,28/03/2014,30
theresa62,3,1,29/03/2014,30
hunterchristopher,9,1,29/03/2014,30
georgejeffrey,23,1,06/04/2014,30
hughesrichard,19,3,06/04/2014,90
jessica01,21,1,08/04/2014,30
esexton,20,1,09/04/2014,30
bryceochoa,29,1,10/04/2014,30
cruzdarryl,2,1,16/04/2014,30
vobrien,5,1,17/04/2014,30
rmoreno,4,1,17/04/2014,30
nunezangela,27,1,20/04/2014,30
grodgers,1,1,21/04/2014,30
alexandertyler,14,2,30/04/2014,60
shawn92,7,1,07/05/2014,30
qhogan,5,1,10/05/2014,30
zacharyjackson,17,1,12/05/2014,30
leah39,6,1,14/05/2014,30
todddanielle,28,1,15/05/2014,30
carriealexander,8,1,15/05/2014,30
wisediana,20,1,16/05/2014,30
denise06,2,1,16/05/2014,30
danielgonzalez,15,1,18/05/2014,30
jamesjames,24,5,24/05/2014,150
lisa96,4,1,24/05/2014,30
mooreedward,2,1,24/05/2014,30
april69,28,1,29/05/2014,30
vgomez,10,1,30/05/2014,30
melissa81,4,1,30/05/2014,30
awalsh,1,1,31/05/2014,30
melendezadrian,25,1,31/05/2014,30
lking,6,1,01/06/2014,30
rmann,9,1,01/06/2014,30
schwartzcheryl,20,1,02/06/2014,30
michaeljones,2,1,03/06/2014,30
pmcclure,28,1,04/06/2014,30
troy45,15,1,11/06/2014,30
brandihall,5,1,12/06/2014,30
hansenrodney,3,1,13/06/2014,30
pcaldwell,6,1,15/06/2014,30
deckerjennifer,2,1,22/06/2014,30
jonathan16,9,1,27/06/2014,30
cflores,8,1,29/06/2014,30
callahanchristina,3,1,29/06/2014,30
bennettmichael,21,1,02/07/2014,30
donnajones,16,1,10/07/2014,30
scottdeborah,13,1,12/07/2014,30
johnbrown,5,1,12/07/2014,30
virginiascott,23,1,13/07/2014,30
millernicholas,6,1,16/07/2014,30
alexandersheila,14,1,17/07/2014,30
kimberlyperez,23,1,20/07/2014,30
scotthale,24,7,22/07/2014,210
brownmitchell,18,1,28/07/2014,30
nancyromero,25,1,31/07/2014,30
evelyn11,9,1,02/08/2014,30
cmorrison,20,1,03/08/2014,30
randyperry,24,1,03/08/2014,30
montgomerychristina,5,1,07/08/2014,30
andrea73,16,1,10/08/2014,30
chelsea73,30,1,11/08/2014,30
taraallen,27,1,11/08/2014,30
sbonilla,11,1,12/08/2014,30
richard04,22,1,16/08/2014,30
umitchell,24,1,20/08/2014,30
margaret70,1,1,23/08/2014,30
victoriamoore,30,1,25/08/2014,30
smiller,10,1,26/08/2014,30
michealrollins,7,1,27/08/2014,30
oconnorchristopher,17,1,27/08/2014,30
lisajohnson,3,1,28/08/2014,30
joanvilla,14,1,29/08/2014,30
uvang,9,1,02/09/2014,30
bevans,20,1,03/09/2014,30
romanthomas,21,1,12/09/2014,30
campbellgregory,5,1,16/09/2014,30
stevenoconnor,25,1,18/09/2014,30
christopher41,2,1,20/09/2014,30
erinhall,5,3,24/09/2014,90
brendaburke,17,1,25/09/2014,30
adam59,14,1,26/09/2014,30
rosesara,16,1,30/09/2014,30
beckyclayton,14,1,02/10/2014,30
perkinshaley,16,1,11/10/2014,30
perezashley,3,1,13/10/2014,30
michael59,27,1,15/10/2014,30
brian12,28,1,23/10/2014,30
jonathanroberts,18,1,30/10/2014,30
richard73,18,1,02/11/2014,30
qhancock,1,1,04/11/2014,30
brian03,25,1,14/11/2014,30
justinmcdowell,21,1,15/11/2014,30
aliciamiller,20,1,15/11/2014,30
qadams,20,1,17/11/2014,30
michelle28,25,1,17/11/2014,30
jeremylowe,30,1,29/11/2014,30
andrew54,4,1,01/12/2014,30
benjamin58,11,1,11/12/2014,30
vboyer,15,1,12/12/2014,30
asmith,4,1,14/12/2014,30
holdencaitlin,25,1,22/12/2014,30
hernandezjeremy,24,1,22/12/2014,30
sharonglenn,12,1,27/12/2014,30
alyssagrant,20,1,27/12/2014,30
daniellewaller,3,1,03/01/2015,30
duncanchad,24,1,05/01/2015,30
vkennedy,17,1,10/01/2015,30
qhowell,7,1,14/01/2015,30
wardbrenda,10,1,16/01/2015,30
elizabeth20,20,1,19/01/2015,30
kyleevans,25,1,20/01/2015,30
isingleton,21,1,21/01/2015,30
gbryant,17,1,30/01/2015,30
hthompson,3,1,31/01/2015,30
jwalker,21,1,02/02/2015,30
felicia62,2,1,04/02/2015,30
richardcurtis,27,1,11/02/2015,30
barbertina,1,1,14/02/2015,30
phillipsrhonda,21,1,14/02/2015,30
aprilgreen,25,1,15/02/2015,30
michelle52,26,1,18/02/2015,30
margaret55,1,1,20/02/2015,30
joshuapowell,17,1,20/02/2015,30
whitney51,29,1,21/02/2015,30
randallcrystal,17,1,22/02/2015,30
kelly57,17,1,22/02/2015,30
diana63,28,1,25/02/2015,30
patrick35,25,1,27/02/2015,30
pittsamanda,22,9,03/03/2015,270
riveraashley,2,1,05/03/2015,30
tonydavis,14,1,07/03/2015,30
rodney48,18,1,10/03/2015,30
jonathan65,6,1,16/03/2015,30
fbailey,24,1,18/03/2015,30
derrickmaldonado,5,1,21/03/2015,30
cschmidt,14,1,22/03/2015,30
ashleyvincent,19,1,22/03/2015,30
hansenrodney,20,1,23/03/2015,30
barreradanny,15,1,30/03/2015,30
chelseaosborn,10,1,01/04/2015,30
fgarrett,22,1,02/04/2015,30
parkerryan,24,1,02/04/2015,30
abbotttaylor,28,1,04/04/2015,30
rramirez,14,5,04/04/2015,150
amber86,10,1,05/04/2015,30
erincarter,23,1,06/04/2015,30
zacharycollins,25,1,07/04/2015,30
sjacobs,15,1,07/04/2015,30
ruizsharon,10,1,15/04/2015,30
beverlysparks,2,1,16/04/2015,30
johnsonfrank,10,1,26/04/2015,30
jgarza,10,1,02/05/2015,30
david38,22,1,03/05/2015,30
holly37,15,1,06/05/2015,30
zbell,4,1,13/05/2015,30
jessica66,16,1,18/05/2015,30
savery,17,6,19/05/2015,180
joseph27,27,1,21/05/2015,30
sharon26,6,1,22/05/2015,30
amartin,24,1,26/05/2015,30
jocelynwhite,1,1,27/05/2015,30
lori17,3,1,04/06/2015,30
davisaaron,15,1,05/06/2015,30
bryandavis,32,1,09/06/2015,30
amandabartlett,4,1,09/06/2015,30
ramirezfelicia,15,1,13/06/2015,30
christianperez,17,1,15/06/2015,30
robinsontamara,10,1,23/06/2015,30
fwilkerson,29,1,26/06/2015,30
zacharykerr,27,1,27/06/2015,30
tarahutchinson,17,1,28/06/2015,30
sellis,23,1,28/06/2015,30
amber93,9,1,29/06/2015,30
sanfordhannah,18,1,03/07/2015,30
jdavis,21,3,06/07/2015,90
pachecovictoria,19,8,09/07/2015,240
john27,8,1,11/07/2015,30
justinmorse,1,1,11/07/2015,30
joshua30,18,1,12/07/2015,30
johnsonmarc,5,1,12/07/2015,30
kimberlyjones,4,1,13/07/2015,30
mendezvictor,23,1,15/07/2015,30
kelsey83,21,1,16/07/2015,30
hcoleman,18,1,21/07/2015,30
briancunningham,14,1,23/07/2015,30
dannyarmstrong,6,1,27/07/2015,30
william74,4,1,01/08/2015,30
pamelaedwards,1,1,06/08/2015,30
efisher,16,1,06/08/2015,30
jensenjose,28,1,07/08/2015,30
tina62,8,1,07/08/2015,30
francisjeffrey,7,1,07/08/2015,30
hlawson,16,1,10/08/2015,30
benjamin65,6,1,15/08/2015,30
michaelcannon,21,1,16/08/2015,30
folsen,22,1,16/08/2015,30
bakerjulie,17,1,19/08/2015,30
joshua90,15,1,22/08/2015,30
thomasramsey,10,2,23/08/2015,60
hector48,1,1,27/08/2015,30
cassandragarcia,14,1,02/09/2015,30
kmata,27,1,03/09/2015,30
tammywall,5,1,03/09/2015,30
greenmelissa,20,1,04/09/2015,30
sandra89,1,3,06/09/2015,90
lisa14,21,1,09/09/2015,30
cheyennescott,27,1,11/09/2015,30
meyerspaul,13,1,12/09/2015,30
earnold,19,1,16/09/2015,30
biancaadkins,15,1,23/09/2015,30
johnstonedward,20,1,28/09/2015,30
robert51,5,1,29/09/2015,30
craig98,17,1,01/10/2015,30
amoore,25,1,02/10/2015,30
hernandezallison,20,1,06/10/2015,30
turnervincent,3,1,07/10/2015,30
huntereric,22,1,11/10/2015,30
stephaniescott,31,1,12/10/2015,30
glennmark,21,1,14/10/2015,30
ewhite,18,1,19/10/2015,30
tatekelly,21,1,21/10/2015,30
christina63,4,1,22/10/2015,30
cowanjohn,2,1,26/10/2015,30
scottashley,22,1,27/10/2015,30
yroth,15,1,28/10/2015,30
hansonadam,7,1,11/11/2015,30
trevorhanson,17,1,12/11/2015,30
danielle18,10,1,15/11/2015,30
dsanders,6,1,18/11/2015,30
uhayes,24,1,20/11/2015,30
gonzalestammy,25,1,26/11/2015,30
paigesmith,13,1,29/11/2015,30
jmaynard,19,1,30/11/2015,30
gailryan,3,1,30/11/2015,30
bryan87,24,1,01/12/2015,30
hornedawn,21,1,01/12/2015,30
joan59,19,1,01/12/2015,30
keith24,21,1,05/12/2015,30
ianrodgers,16,1,07/12/2015,30
schneidersteven,28,1,07/12/2015,30
nicholas01,25,1,12/12/2015,30
walkerjanice,26,1,13/12/2015,30
andrewyates,2,1,18/12/2015,30
kimberly61,7,1,18/12/2015,30
ucurry,24,1,19/12/2015,30
kevincarroll,16,1,23/12/2015,30
lauren30,11,1,23/12/2015,30
patricialong,24,1,27/12/2015,30
patriciakirk,26,1,29/12/2015,30
rodrigueznicole,5,1,01/01/2016,30
franciscowood,23,1,03/01/2016,30
ochoawendy,21,1,05/01/2016,30
esilva,2,1,08/01/2016,30
tyrone99,16,1,10/01/2016,30
thomasjames,28,1,11/01/2016,30
wendysanchez,1,1,13/01/2016,30
jefftapia,25,1,16/01/2016,30
mcgrathmelissa,22,1,16/01/2016,30
jamesroberts,20,1,17/01/2016,30
alison23,5,1,17/01/2016,30
rickyparker,28,1,18/01/2016,30
tmarks,2,1,20/01/2016,30
gramsey,2,1,21/01/2016,30
pcameron,18,1,21/01/2016,30
maryvargas,15,1,23/01/2016,30
arogers,24,1,25/01/2016,30
combsmichelle,4,1,28/01/2016,30
hallpatrick,14,1,01/02/2016,30
megan40,21,1,05/02/2016,30
gina18,16,1,06/02/2016,30
bridgessergio,22,1,12/02/2016,30
brianmunoz,14,1,13/02/2016,30
kpadilla,23,1,14/02/2016,30
justinbaker,16,1,14/02/2016,30
jacquelinelindsey,23,1,15/02/2016,30
denise78,19,1,16/02/2016,30
alejandra04,23,1,18/02/2016,30
hayespeter,15,1,19/02/2016,30
chad85,21,1,26/02/2016,30
emily98,13,1,26/02/2016,30
caleb17,28,1,26/02/2016,30
jacobhess,25,1,28/02/2016,30
jennifer35,7,1,02/03/2016,30
vanessapearson,4,1,03/03/2016,30
kperry,1,1,05/03/2016,30
leonardperry,25,1,06/03/2016,30
blackjulie,20,1,09/03/2016,30
andrea52,28,1,11/03/2016,30
garciabrenda,21,1,16/03/2016,30
catherine13,12,1,18/03/2016,30
matthewsamanda,5,1,22/03/2016,30
ashleythompson,9,1,25/03/2016,30
hollandhelen,9,1,26/03/2016,30
fsmith,11,1,27/03/2016,30
davidball,14,1,27/03/2016,30
bjohnson,23,1,04/04/2016,30
kevinjenkins,18,1,14/04/2016,30
michaelcardenas,20,1,15/04/2016,30
kari39,16,1,18/04/2016,30
logan57,2,1,19/04/2016,30
christopher79,21,1,19/04/2016,30
lsilva,24,1,21/04/2016,30
mcarter,5,1,25/04/2016,30
vancejames,21,1,30/04/2016,30
olivershane,3,1,02/05/2016,30
robertguerrero,32,1,05/05/2016,30
joseolson,18,1,06/05/2016,30
robert95,11,1,08/05/2016,30
ireed,27,1,09/05/2016,30
patrickmiller,24,1,10/05/2016,30
todd05,9,1,12/05/2016,30
susanadams,4,1,13/05/2016,30
samanthaanderson,4,1,14/05/2016,30
nryan,19,1,17/05/2016,30
amanda26,18,1,17/05/2016,30
nguyenjaclyn,2,1,26/05/2016,30
kara03,15,1,26/05/2016,30
brittanyklein,24,1,28/05/2016,30
rmoore,12,1,29/05/2016,30
harrisscott,5,1,29/05/2016,30
vortiz,20,1,30/05/2016,30
bethbutler,10,1,04/06/2016,30
vcarter,24,1,07/06/2016,30
melodygould,1,1,08/06/2016,30
johnsontimothy,17,1,08/06/2016,30
joseboyd,22,1,11/06/2016,30
deandwayne,16,1,11/06/2016,30
courtneydickerson,18,1,13/06/2016,30
harveynathan,26,2,14/06/2016,60
warmstrong,21,1,14/06/2016,30
ubanks,15,1,24/06/2016,30
trujillocraig,29,1,24/06/2016,30
john33,14,1,25/06/2016,30
joshuajones,18,1,26/06/2016,30
jeremy04,23,1,29/06/2016,30
smithjill,27,1,29/06/2016,30
mhowell,13,1,30/06/2016,30
summersmichelle,7,3,02/07/2016,90
dylanwalter,16,1,05/07/2016,30
samantha54,15,1,06/07/2016,30
thompsonwilliam,2,1,07/07/2016,30
dstanley,7,1,14/07/2016,30
bakerpamela,18,1,14/07/2016,30
shannon49,10,1,20/07/2016,30
johnstevens,2,1,23/07/2016,30
kiara67,29,1,24/07/2016,30
vasquezariana,24,1,24/07/2016,30
hannah19,17,1,24/07/2016,30
joel02,20,1,25/07/2016,30
pwilson,7,1,01/08/2016,30
gstone,15,1,06/08/2016,30
ypatterson,19,1,09/08/2016,30
sharibrown,2,1,13/08/2016,30
robinsontamara,1,1,13/08/2016,30
devinjohnson,2,1,17/08/2016,30
misty99,15,1,18/08/2016,30
xramirez,29,1,20/08/2016,30
anelson,24,1,22/08/2016,30
castroryan,18,1,25/08/2016,30
uwebb,5,1,29/08/2016,30
mark72,24,1,01/09/2016,30
swhite,26,1,02/09/2016,30
wonggilbert,4,1,15/09/2016,30
shawnrussell,22,1,17/09/2016,30
timothy42,10,1,18/09/2016,30
burkedaniel,20,1,24/09/2016,30
gonzalezcorey,6,1,24/09/2016,30
ekane,2,1,25/09/2016,30
xedwards,15,1,25/09/2016,30
danielbright,28,1,28/09/2016,30
kimberly46,5,1,29/09/2016,30
angela65,4,1,06/10/2016,30
michaeltodd,19,1,06/10/2016,30
parksrandy,2,1,09/10/2016,30
xdiaz,18,1,14/10/2016,30
griffithtimothy,25,1,19/10/2016,30
todd03,16,1,24/10/2016,30
kristen77,3,1,27/10/2016,30
marissareed,28,1,27/10/2016,30
fredericknichole,1,1,30/10/2016,30
kingchristine,7,1,01/11/2016,30
paulgarcia,2,1,01/11/2016,30
rachael14,13,1,02/11/2016,30
dominiquegarrett,14,1,03/11/2016,30
webbbonnie,1,1,03/11/2016,30
johnroberts,6,1,05/11/2016,30
david49,27,1,13/11/2016,30
evanlane,1,1,13/11/2016,30
nramirez,25,1,14/11/2016,30
smithamanda,19,1,14/11/2016,30
halljessica,19,1,15/11/2016,30
robin71,29,1,20/11/2016,30
smithtyler,6,1,22/11/2016,30
crice,5,1,24/11/2016,30
vhunter,26,1,26/11/2016,30
andersonchristopher,10,1,27/11/2016,30
kimberly60,6,1,29/11/2016,30
griffithbarry,4,1,05/12/2016,30
gordonsharon,1,1,07/12/2016,30
marvinbell,32,1,08/12/2016,30
nicholsandrea,25,1,09/12/2016,30
webblinda,7,1,12/12/2016,30
zwise,10,3,14/12/2016,90
christopherboyer,21,1,15/12/2016,30
brendaschmidt,2,1,15/12/2016,30
jennifer35,18,1,17/12/2016,30
christine83,23,1,18/12/2016,30
rodney35,10,1,23/12/2016,30
brandon60,7,1,24/12/2016,30
kwiley,14,1,25/12/2016,30
singhjordan,14,1,25/12/2016,30
uking,21,1,28/12/2016,30
joneskathleen,22,1,28/12/2016,30
chanjean,2,1,29/12/2016,30
santanarobert,30,1,02/01/2017,30
bbryant,10,1,03/01/2017,30
kevin01,18,1,05/01/2017,30
bruceadams,27,1,06/01/2017,30
rileyjamie,1,1,07/01/2017,30
owise,8,1,08/01/2017,30
xbeard,13,9,09/01/2017,270
riosjennifer,1,1,10/01/2017,30
victoria20,3,1,11/01/2017,30
renee18,24,1,12/01/2017,30
woodheidi,1,1,17/01/2017,30
jennifer41,26,1,20/01/2017,30
weeksmelissa,1,1,23/01/2017,30
uayers,24,1,25/01/2017,30
jennifersolomon,3,1,25/01/2017,30
alicia36,23,1,25/01/2017,30
nicolesingh,3,1,29/01/2017,30
oliviarodriguez,3,1,30/01/2017,30
marktran,22,1,31/01/2017,30
bryansutton,1,1,02/02/2017,30
jonjohnson,17,1,02/02/2017,30
oholmes,23,1,03/02/2017,30
kimberlyevans,17,1,06/02/2017,30
whahn,2,1,10/02/2017,30
bmiller,2,1,12/02/2017,30
roylisa,25,1,13/02/2017,30
katrina72,6,1,16/02/2017,30
jade66,4,1,17/02/2017,30
yburch,21,1,21/02/2017,30
virginia86,28,1,22/02/2017,30
mitchelltodd,23,1,24/02/2017,30
martinezlaura,27,1,27/02/2017,30
bmartinez,28,1,10/03/2017,30
craig98,4,1,11/03/2017,30
boydgregory,25,1,13/03/2017,30
kking,4,1,16/03/2017,30
heathermclean,28,1,16/03/2017,30
andersonjill,28,1,18/03/2017,30
hughesrichard,8,1,18/03/2017,30
abaker,25,1,19/03/2017,30
richard45,4,1,20/03/2017,30
yrogers,24,1,20/03/2017,30
leescott,19,1,22/03/2017,30
nicolebrewer,25,1,24/03/2017,30
annaporter,25,1,30/03/2017,30
joel03,20,1,31/03/2017,30
davidrodriguez,24,1,31/03/2017,30
mark89,2,1,31/03/2017,30
yvonne28,2,1,02/04/2017,30
jasonturner,17,1,02/04/2017,30
cruzdustin,9,1,07/04/2017,30
lauren82,21,1,12/04/2017,30
jeffreyterrell,23,1,13/04/2017,30
andrewpatterson,10,1,14/04/2017,30
martinlaura,22,1,15/04/2017,30
duncanmartin,1,1,16/04/2017,30
thomashendrix,9,1,23/04/2017,30
dharrell,23,1,23/04/2017,30
kennethrhodes,24,1,23/04/2017,30
zfowler,11,1,25/04/2017,30
lauraperez,30,1,30/04/2017,30
russellangela,3,1,30/04/2017,30
yperez,27,1,01/05/2017,30
jerry17,18,1,03/05/2017,30
michaelmorrison,16,1,04/05/2017,30
nbrown,5,1,04/05/2017,30
paigeparrish,28,1,10/05/2017,30
melanieespinoza,18,1,11/05/2017,30
hernandezshannon,21,1,12/05/2017,30
johnstonalexander,4,1,13/05/2017,30
jjames,26,1,16/05/2017,30
laurawallace,15,1,21/05/2017,30
anthonysimpson,13,6,25/05/2017,180
brianpeters,4,1,27/05/2017,30
charles99,19,1,29/05/2017,30
georgesmith,16,1,03/06/2017,30
phelpsmaria,17,1,05/06/2017,30
spencer52,5,1,09/06/2017,30
johnpeterson,20,1,10/06/2017,30
scottlisa,3,1,11/06/2017,30
ehicks,3,1,12/06/2017,30
hickmanemily,26,1,13/06/2017,30
calvin54,8,1,15/06/2017,30
tballard,1,1,17/06/2017,30
zcox,3,1,19/06/2017,30
jimeneztamara,6,1,22/06/2017,30
bryanwood,15,1,25/06/2017,30
wstout,11,1,26/06/2017,30
milleramanda,6,1,02/07/2017,30
olewis,8,1,02/07/2017,30
stewarttrevor,28,1,04/07/2017,30
simsleslie,19,1,05/07/2017,30
davisdawn,16,2,09/07/2017,60
pclark,6,1,09/07/2017,30
danaadkins,23,1,10/07/2017,30
youngjorge,18,1,11/07/2017,30
jjuarez,7,1,13/07/2017,30
rosborne,17,1,16/07/2017,30
sean46,26,1,23/07/2017,30
jill28,5,1,26/07/2017,30
jacksonryan,13,1,02/08/2017,30
mcguireryan,28,4,04/08/2017,120
tmann,14,1,05/08/2017,30
sandersbecky,29,1,06/08/2017,30
frank10,20,1,08/08/2017,30
vanessadavila,14,1,09/08/2017,30
vhamilton,8,1,11/08/2017,30
nriley,10,1,16/08/2017,30
lchristian,2,1,16/08/2017,30
shannon44,15,1,16/08/2017,30
julie18,3,1,17/08/2017,30
blopez,2,1,18/08/2017,30
nrobles,1,1,29/08/2017,30
greenteresa,18,1,29/08/2017,30
reedrenee,32,1,04/09/2017,30
kevinbyrd,28,1,05/09/2017,30
zbowen,14,1,06/09/2017,30
greenshannon,3,1,06/09/2017,30
fieldscatherine,17,1,07/09/2017,30
dfernandez,2,1,08/09/2017,30
johnevans,4,1,08/09/2017,30
jerryjackson,23,1,20/09/2017,30
ethornton,27,1,25/09/2017,30
lmyers,20,1,26/09/2017,30
daniel03,25,1,26/09/2017,30
walkerdawn,5,1,27/09/2017,30
coxtiffany,24,1,03/10/2017,30
brockdavid,32,1,03/10/2017,30
johnsullivan,4,1,03/10/2017,30
bryantbrenda,6,1,05/10/2017,30
chrishenson,19,1,07/10/2017,30
smallstephen,22,1,07/10/2017,30
yhernandez,20,1,11/10/2017,30
camposdarlene,18,1,12/10/2017,30
sanchezseth,17,1,13/10/2017,30
yolandajohnson,18,1,15/10/2017,30
qgibbs,14,1,19/10/2017,30
melindaharmon,22,1,19/10/2017,30
alvarezcrystal,21,1,20/10/2017,30
gregortega,5,1,21/10/2017,30
davidmartin,30,1,22/10/2017,30
matthew41,30,1,26/10/2017,30
jimmyalexander,22,1,27/10/2017,30
vanessamoreno,7,1,27/10/2017,30
blairmark,3,1,28/10/2017,30
zbarr,29,1,31/10/2017,30
esilva,32,1,05/11/2017,30
ashley92,6,1,06/11/2017,30
justinmoore,2,1,08/11/2017,30
joseowens,25,1,10/11/2017,30
phillip01,4,1,11/11/2017,30
qchandler,1,1,15/11/2017,30
brianna76,15,1,24/11/2017,30
rogerhayes,18,1,24/11/2017,30
rgutierrez,22,1,24/11/2017,30
jstevens,1,1,01/12/2017,30
williamsjonathan,25,1,01/12/2017,30
eatonjacob,18,1,02/12/2017,30
rachelguzman,27,1,02/12/2017,30
davisdenise,2,1,05/12/2017,30
jacquelinebruce,24,1,07/12/2017,30
vfarmer,7,1,08/12/2017,30
nanderson,2,1,09/12/2017,30
cthomas,1,1,10/12/2017,30
christineperez,13,1,12/12/2017,30
deborahmontgomery,23,1,13/12/2017,30
bevans,4,1,17/12/2017,30
garyanderson,13,1,19/12/2017,30
michealfrazier,23,1,20/12/2017,30
patrick83,4,1,20/12/2017,30
hallrobert,14,1,20/12/2017,30
catherineweiss,32,1,21/12/2017,30
brittany55,19,1,23/12/2017,30
clopez,15,1,24/12/2017,30
pamela16,14,1,26/12/2017,30
allisonross,9,1,26/12/2017,30
jamesraven,22,1,27/12/2017,30
maxwelljason,27,1,30/12/2017,30
gobrien,18,1,02/01/2018,30
wmiller,18,1,03/01/2018,30
cmelton,15,1,03/01/2018,30
brownsean,4,1,05/01/2018,30
joseph28,4,1,07/01/2018,30
veronica61,5,1,09/01/2018,30
alang,6,1,10/01/2018,30
jonathan40,23,1,14/01/2018,30
hendersonjack,23,1,17/01/2018,30
woneal,1,1,21/01/2018,30
hermanjuan,13,1,25/01/2018,30
grahamjohn,28,1,28/01/2018,30
kellygarcia,21,1,04/02/2018,30
silvaheather,15,1,06/02/2018,30
tburns,2,1,08/02/2018,30
abigail41,29,1,11/02/2018,30
christopherfarmer,20,1,13/02/2018,30
jennywright,27,1,18/02/2018,30
zbeard,24,1,20/02/2018,30
powellgarrett,19,1,22/02/2018,30
lhart,24,1,24/02/2018,30
dbarnes,23,1,25/02/2018,30
rossshawn,7,1,28/02/2018,30
gordonzachary,5,3,28/02/2018,90
ccastro,12,1,02/03/2018,30
dawsonblake,30,1,08/03/2018,30
zallen,22,1,09/03/2018,30
vmullins,30,1,14/03/2018,30
lindseyclark,3,1,16/03/2018,30
carla76,15,1,16/03/2018,30
pattyatkinson,13,1,17/03/2018,30
hugheslarry,23,1,22/03/2018,30
markjones,20,9,23/03/2018,270
qgray,20,1,25/03/2018,30
rwright,16,1,27/03/2018,30
angela43,14,1,28/03/2018,30
tlee,2,1,30/03/2018,30
fdelgado,19,1,01/04/2018,30
vhickman,8,1,03/04/2018,30
hollylivingston,21,1,03/04/2018,30
sarahedwards,4,2,06/04/2018,60
hernandezleah,16,1,08/04/2018,30
elizabeth19,13,3,11/04/2018,90
djones,17,1,12/04/2018,30
lawrencetrevor,15,1,14/04/2018,30
stephanie12,5,1,18/04/2018,30
chandlerfrancisco,20,1,20/04/2018,30
ethompson,1,1,20/04/2018,30
sheryl95,3,1,21/04/2018,30
callahanchristina,32,1,21/04/2018,30
pam62,30,1,22/04/2018,30
spencerjeffrey,12,1,25/04/2018,30
gilbertashley,9,1,01/05/2018,30
bbaker,3,1,12/05/2018,30
williamsmeghan,20,1,12/05/2018,30
wrightcolleen,4,1,15/05/2018,30
brooksnoah,15,1,17/05/2018,30
william14,26,1,18/05/2018,30
danielsbilly,25,1,19/05/2018,30
egonzalez,21,1,20/05/2018,30
beverly40,23,1,27/05/2018,30
stephen22,1,1,28/05/2018,30
ruizrichard,28,1,30/05/2018,30
fjordan,12,1,30/05/2018,30
kennethjackson,20,1,04/06/2018,30
evansbrooke,3,1,05/06/2018,30
cschmidt,15,1,07/06/2018,30
fserrano,19,1,07/06/2018,30
meadowssara,3,1,08/06/2018,30
catherine13,9,1,08/06/2018,30
judith21,18,1,08/06/2018,30
leejeffrey,6,1,09/06/2018,30
amandamartinez,6,1,09/06/2018,30
willie98,4,1,10/06/2018,30
johnanderson,14,1,11/06/2018,30
jwood,22,1,12/06/2018,30
imacdonald,20,1,13/06/2018,30
jacob03,10,1,15/06/2018,30
john33,22,1,16/06/2018,30
james20,10,1,17/06/2018,30
kevinlarsen,5,1,20/06/2018,30
millercharles,27,1,21/06/2018,30
bcortez,17,1,23/06/2018,30
leah53,22,1,27/06/2018,30
keithsmith,32,1,28/06/2018,30
fishermichelle,18,1,28/06/2018,30
gabrielle28,5,1,29/06/2018,30
mayshannon,12,1,29/06/2018,30
cwiggins,6,4,01/07/2018,120
mooredonna,9,1,02/07/2018,30
aanderson,1,1,05/07/2018,30
eric31,16,1,06/07/2018,30
wperez,7,1,07/07/2018,30
santiagocandice,13,1,08/07/2018,30
sonia49,2,1,09/07/2018,30
evelyn11,1,1,09/07/2018,30
kellerthomas,22,1,10/07/2018,30
hawkinsdonna,24,1,11/07/2018,30
michaelbond,6,1,12/07/2018,30
stevenskatie,6,1,15/07/2018,30
rfoster,20,1,15/07/2018,30
ronald14,7,1,16/07/2018,30
joan80,24,1,18/07/2018,30
cgonzalez,19,1,20/07/2018,30
miranda01,29,1,20/07/2018,30
vasquezpatricia,8,1,23/07/2018,30
ballmegan,23,1,27/07/2018,30
morgan13,7,1,28/07/2018,30
hannahjames,11,1,29/07/2018,30
ccastillo,1,1,02/08/2018,30
jackson33,1,9,08/08/2018,270
randall01,10,1,12/08/2018,30
clarkcharles,11,1,20/08/2018,30
dmason,30,1,23/08/2018,30
kimberly72,6,1,27/08/2018,30
lopezzachary,13,1,31/08/2018,30
margaretgray,4,1,03/09/2018,30
stevenmckay,22,1,06/09/2018,30
thartman,8,1,06/09/2018,30
evansgeoffrey,29,1,09/09/2018,30
jacobsanchez,13,1,10/09/2018,30
qhogan,24,1,12/09/2018,30
pamela91,27,1,14/09/2018,30
sandra52,1,1,15/09/2018,30
vaughantim,6,1,17/09/2018,30
obond,19,1,19/09/2018,30
elindsey,6,1,21/09/2018,30
jared58,3,1,25/09/2018,30
bbutler,32,1,28/09/2018,30
paul68,3,1,29/09/2018,30
pauljeremy,24,1,30/09/2018,30
meltonaaron,27,1,02/10/2018,30
zachary02,17,1,04/10/2018,30
ipena,16,1,07/10/2018,30
kimberlyjohnson,23,1,10/10/2018,30
carl00,19,1,13/10/2018,30
christopherrichardson,1,1,13/10/2018,30
chelsey50,6,1,13/10/2018,30
james37,24,1,14/10/2018,30
njordan,27,5,14/10/2018,150
boylecaitlin,21,1,16/10/2018,30
james14,32,1,18/10/2018,30
dominique58,14,1,18/10/2018,30
vstephenson,27,1,20/10/2018,30
jonathan65,16,1,21/10/2018,30
christopher99,3,1,22/10/2018,30
donna80,28,1,23/10/2018,30
floresjeffrey,14,1,24/10/2018,30
jacksontracey,23,1,25/10/2018,30
jeanfuller,5,1,01/11/2018,30
stevendominguez,24,1,03/11/2018,30
malik22,24,1,04/11/2018,30
browntammy,22,1,05/11/2018,30
tony82,17,1,06/11/2018,30
roberta11,32,1,06/11/2018,30
guerrajason,8,1,09/11/2018,30
owilliamson,14,1,10/11/2018,30
craig75,22,1,10/11/2018,30
heatherdavenport,30,1,11/11/2018,30
sandrasosa,28,1,13/11/2018,30
ivillarreal,28,1,13/11/2018,30
emilywatkins,27,1,14/11/2018,30
kimberlyharris,24,1,15/11/2018,30
ifleming,2,1,16/11/2018,30
amy90,5,1,18/11/2018,30
randyperry,17,1,18/11/2018,30
steven47,14,1,21/11/2018,30
christinemullen,12,1,21/11/2018,30
nicole34,22,4,22/11/2018,120
charlesrivera,26,1,23/11/2018,30
lambertnathaniel,15,1,25/11/2018,30
joneschelsea,24,1,25/11/2018,30
vatkins,13,1,29/11/2018,30
millerjeffrey,10,1,29/11/2018,30
jacksonnicole,27,1,01/12/2018,30
gilmoreangela,12,1,02/12/2018,30
rboone,4,1,07/12/2018,30
craig39,21,1,08/12/2018,30
cwilliamson,5,1,09/12/2018,30
rogerswilliam,2,3,09/12/2018,90
petersonkimberly,24,1,14/12/2018,30
vicki51,2,1,17/12/2018,30
istone,21,1,30/12/2018,30
robertstravis,24,1,01/01/2019,30
jasondonovan,16,1,01/01/2019,30
cohengabrielle,21,1,03/01/2019,30
epowell,18,1,05/01/2019,30
brenda67,5,1,06/01/2019,30
ashleybailey,3,1,08/01/2019,30
jmontes,1,1,08/01/2019,30
brianlee,11,1,13/01/2019,30
mcleanjacob,26,1,16/01/2019,30
belinda60,2,2,18/01/2019,60
xtorres,27,1,19/01/2019,30
joanna69,18,1,22/01/2019,30
joygray,28,1,22/01/2019,30
jennifersolomon,24,1,26/01/2019,30
shawn94,25,1,29/01/2019,30
tammywall,29,1,29/01/2019,30
jamie06,18,1,01/02/2019,30
nicolecompton,26,1,02/02/2019,30
tom72,6,1,06/02/2019,30
watsonrichard,31,1,07/02/2019,30
changanna,1,1,07/02/2019,30
christopher79,2,1,08/02/2019,30
ybaker,1,1,09/02/2019,30
timothy19,21,5,12/02/2019,150
eric20,1,1,13/02/2019,30
tranjennifer,15,1,21/02/2019,30
katherinewarren,10,1,23/02/2019,30
evansmelissa,2,1,23/02/2019,30
uayala,3,1,01/03/2019,30
arthur26,15,1,06/03/2019,30
nicholashood,17,1,10/03/2019,30
reneerichard,21,2,12/03/2019,60
fwilkerson,1,2,14/03/2019,60
joshuajones,27,1,18/03/2019,30
burtonjeffrey,2,1,22/03/2019,30
kimberly52,19,1,23/03/2019,30
benjamin58,5,1,26/03/2019,30
peterfriedman,8,1,27/03/2019,30
thomasmary,6,1,29/03/2019,30
megan56,23,1,04/04/2019,30
tgray,3,1,05/04/2019,30
christopher76,9,1,06/04/2019,30
jstewart,10,1,09/04/2019,30
marco22,7,1,11/04/2019,30
duartemark,3,1,17/04/2019,30
aaron47,16,1,22/04/2019,30
ubishop,6,1,25/04/2019,30
sheryl33,2,1,27/04/2019,30
justinrivas,30,1,28/04/2019,30
smays,26,1,28/04/2019,30
uramirez,28,1,30/04/2019,30
kathleenfreeman,5,1,02/05/2019,30
hjordan,18,1,04/05/2019,30
barbara70,3,1,04/05/2019,30
farnold,29,1,04/05/2019,30
bvazquez,7,1,05/05/2019,30
albertbaird,8,1,07/05/2019,30
debbie43,5,1,08/05/2019,30
mendezmartha,32,1,09/05/2019,30
hwilkerson,7,1,12/05/2019,30
grahameric,30,1,13/05/2019,30
dorothy87,6,1,13/05/2019,30
vanessa66,1,1,14/05/2019,30
melissasilva,14,1,15/05/2019,30
melindamiller,8,1,16/05/2019,30
hbrown,6,8,17/05/2019,240
tyler71,3,1,21/05/2019,30
bennettmichele,3,1,21/05/2019,30
shawnharding,4,1,24/05/2019,30
njohns,28,1,25/05/2019,30
paulporter,15,1,27/05/2019,30
smithchase,2,1,28/05/2019,30
lwallace,1,1,28/05/2019,30
nhaynes,6,1,29/05/2019,30
lmyers,25,1,02/06/2019,30
cooperraymond,30,8,03/06/2019,240
christina37,18,9,06/06/2019,270
xramirez,9,1,08/06/2019,30
samanthamorris,16,1,08/06/2019,30
rdavis,17,1,09/06/2019,30
michael07,11,1,13/06/2019,30
benjamin42,4,1,28/06/2019,30
uwilliams,19,1,30/06/2019,30
andersonbrandon,28,1,02/07/2019,30
andrewchurch,1,1,02/07/2019,30
garydavis,24,1,02/07/2019,30
joshuarodriguez,15,1,12/07/2019,30
parkerryan,28,1,14/07/2019,30
sotostephanie,25,1,16/07/2019,30
anthonymckinney,6,1,18/07/2019,30
joseph78,13,1,19/07/2019,30
tjimenez,20,1,20/07/2019,30
frederick14,20,1,21/07/2019,30
dianerichardson,11,1,24/07/2019,30
jennifermorrow,27,1,25/07/2019,30
qortiz,3,6,27/07/2019,180
sabrina43,26,1,30/07/2019,30
elizabethhernandez,17,1,30/07/2019,30
hunterchristopher,2,1,06/08/2019,30
xwells,14,1,10/08/2019,30
jonesanna,3,1,13/08/2019,30
arnolddavid,4,1,15/08/2019,30
beckrhonda,6,1,17/08/2019,30
pamela69,3,1,19/08/2019,30
allenlauren,29,1,20/08/2019,30
mitchelllisa,21,1,20/08/2019,30
christinewilliams,24,1,20/08/2019,30
garciaandrew,6,1,20/08/2019,30
sharper,11,1,23/08/2019,30
josephjeff,21,1,24/08/2019,30
nealanna,1,2,24/08/2019,60
hortonamanda,9,1,26/08/2019,30
blevinsnicole,26,1,29/08/2019,30
shellyrodgers,2,1,05/09/2019,30
carterdoris,24,1,05/09/2019,30
jenniferrichards,14,1,07/09/2019,30
donaldcraig,28,1,09/09/2019,30
gilbertsierra,20,2,09/09/2019,60
chris35,13,1,10/09/2019,30
fhansen,3,1,13/09/2019,30
brett29,28,1,14/09/2019,30
aoliver,13,8,14/09/2019,240
smithtimothy,3,1,15/09/2019,30
david36,8,1,17/09/2019,30
michelle61,3,1,23/09/2019,30
dominguezsamantha,5,1,26/09/2019,30
millsrachel,25,1,27/09/2019,30
francisco45,24,1,04/10/2019,30
millersonya,21,1,06/10/2019,30
clarkrebecca,17,1,06/10/2019,30
tina62,29,1,07/10/2019,30
lgilbert,2,1,09/10/2019,30
waltonchristine,16,1,10/10/2019,30
victor11,4,1,12/10/2019,30
marshkevin,27,1,16/10/2019,30
courtneysmith,8,1,16/10/2019,30
bishopnicholas,20,1,16/10/2019,30
heidi64,2,1,18/10/2019,30
christine55,20,1,23/10/2019,30
jonathan67,9,1,24/10/2019,30
hallronald,27,1,30/10/2019,30
pharris,18,1,01/11/2019,30
froberts,2,1,01/11/2019,30
timothy43,3,1,06/11/2019,30
rpowell,27,1,08/11/2019,30
jeremiah72,16,1,11/11/2019,30
ryanjackson,4,1,11/11/2019,30
christopherjohnson,5,1,11/11/2019,30
gsmith,17,1,13/11/2019,30
nhaynes,14,1,15/11/2019,30
stephanie12,29,1,20/11/2019,30
matthew49,24,1,21/11/2019,30
juanhodge,19,1,25/11/2019,30
andersonmichelle,27,1,27/11/2019,30
karen28,23,1,29/11/2019,30
joshuaknapp,22,1,04/12/2019,30
laura98,4,1,08/12/2019,30
amy86,13,1,10/12/2019,30
boydtoni,15,2,11/12/2019,60
thomastammy,15,1,17/12/2019,30
monicabates,25,1,25/12/2019,30
zmyers,23,1,25/12/2019,30
toddmiller,24,1,31/12/2019,30
olivershane,5,1,31/12/2019,30
zacharygoodman,24,1,03/01/2020,30
latoya41,1,1,04/01/2020,30
linda05,20,1,04/01/2020,30
davisroberto,19,1,04/01/2020,30
tduke,6,1,05/01/2020,30
ayates,25,1,06/01/2020,30
nmills,10,1,08/01/2020,30
boylejason,4,1,09/01/2020,30
andrew49,17,1,09/01/2020,30
thorntonryan,22,1,11/01/2020,30
williamsmarvin,8,1,12/01/2020,30
michelewalker,6,1,14/01/2020,30
holtmelissa,28,1,15/01/2020,30
jill28,6,1,15/01/2020,30
johnsonbeth,6,1,20/01/2020,30
odomjonathan,1,1,22/01/2020,30
kyle44,1,1,23/01/2020,30
snydermichael,31,1,24/01/2020,30
brandonyoung,28,1,26/01/2020,30
danielmarsh,21,8,27/01/2020,240
justin63,4,10,28/01/2020,300
kyle36,14,1,28/01/2020,30
zachary48,22,1,29/01/2020,30
hreynolds,5,1,01/02/2020,30
andrea98,28,1,02/02/2020,30
bentleydrew,28,1,03/02/2020,30
imcclure,4,1,04/02/2020,30
kari39,28,1,04/02/2020,30
smithamanda,5,1,04/02/2020,30
lindseytheresa,8,1,04/02/2020,30
thomas85,24,3,04/02/2020,90
djimenez,5,1,07/02/2020,30
kreyes,13,1,08/02/2020,30
justinleblanc,2,1,11/02/2020,30
romerowilliam,15,1,13/02/2020,30
adamschultz,4,1,15/02/2020,30
jimenezamy,32,1,17/02/2020,30
buckemily,22,1,01/03/2020,30
zachary83,28,1,03/03/2020,30
riveradavid,12,1,03/03/2020,30
zbishop,15,1,04/03/2020,30
ladkins,21,1,07/03/2020,30
theresa57,1,1,08/03/2020,30
franklineric,1,1,09/03/2020,30
ohines,21,1,09/03/2020,30
pnunez,14,1,10/03/2020,30
velezisaac,30,1,14/03/2020,30
jamesmercer,15,1,17/03/2020,30
amypollard,8,1,18/03/2020,30
donnajones,18,1,18/03/2020,30
smithlucas,32,1,23/03/2020,30
smithtyler,25,1,23/03/2020,30
diane15,5,1,24/03/2020,30
berryerin,7,1,01/04/2020,30
kimberlygill,4,1,02/04/2020,30
dorisjenkins,1,1,03/04/2020,30
gary37,6,1,05/04/2020,30
richardcurtis,28,1,05/04/2020,30
munozjohn,29,1,05/04/2020,30
zbell,3,1,05/04/2020,30
williamsricardo,22,1,06/04/2020,30
riveratabitha,24,1,06/04/2020,30
fmcconnell,27,4,11/04/2020,120
donaldmccormick,22,1,12/04/2020,30
alvarezcynthia,16,1,21/04/2020,30
mooresteven,17,1,21/04/2020,30
margaretlyons,1,1,24/04/2020,30
cwalker,22,1,24/04/2020,30
christina55,14,1,25/04/2020,30
kathysavage,23,1,26/04/2020,30
michael74,12,1,26/04/2020,30
ellen17,3,1,01/05/2020,30
kelleychristopher,19,1,02/05/2020,30
bellricky,12,1,02/05/2020,30
montgomerychristina,20,1,02/05/2020,30
jacksonamanda,10,1,04/05/2020,30
lellison,6,1,04/05/2020,30
williamstraci,9,1,05/05/2020,30
aliciaharris,24,1,06/05/2020,30
njones,15,1,08/05/2020,30
halldavid,27,1,08/05/2020,30
yclark,28,1,12/05/2020,30
nathanmarshall,8,1,17/05/2020,30
crystallambert,9,1,17/05/2020,30
efox,3,1,18/05/2020,30
michelle47,10,1,20/05/2020,30
amanda12,5,1,20/05/2020,30
danielle23,4,1,23/05/2020,30
misty99,24,1,23/05/2020,30
ochoawendy,1,1,24/05/2020,30
monique90,3,1,25/05/2020,30
jason68,16,1,26/05/2020,30
valerie95,25,1,26/05/2020,30
eric60,3,1,27/05/2020,30
lisa19,3,1,27/05/2020,30
jessestewart,13,1,02/06/2020,30
sjackson,12,1,03/06/2020,30
elizabeth57,3,1,04/06/2020,30
fbooker,32,1,05/06/2020,30
darlenerichard,27,1,06/06/2020,30
tharris,3,1,07/06/2020,30
kwright,18,1,08/06/2020,30
hernandezleah,17,1,10/06/2020,30
david14,2,1,14/06/2020,30
eatonjacob,24,1,14/06/2020,30
charles28,1,1,14/06/2020,30
millsdavid,28,1,14/06/2020,30
ellisrenee,13,1,15/06/2020,30
hsanchez,24,1,15/06/2020,30
jessica01,15,1,15/06/2020,30
elizabeth49,23,1,15/06/2020,30
james20,2,1,15/06/2020,30
laurenberry,22,1,15/06/2020,30
oconnellkaitlyn,22,1,15/06/2020,30
tammy85,19,1,17/06/2020,30
deborahnguyen,1,1,17/06/2020,30
hughesadam,23,1,19/06/2020,30
phillipsjason,21,1,19/06/2020,30
lauren24,10,1,20/06/2020,30
asanchez,18,1,21/06/2020,30
davidschneider,25,1,22/06/2020,30
allison81,19,1,22/06/2020,30
christineclark,3,1,24/06/2020,30
hbishop,19,1,27/06/2020,30
torreslauren,28,1,27/06/2020,30
aaron54,21,1,27/06/2020,30
pparker,6,1,28/06/2020,30
jonathan04,27,1,28/06/2020,30
erika88,24,1,28/06/2020,30
richardgarcia,22,1,29/06/2020,30
riveraashley,6,1,01/07/2020,30
bproctor,28,1,01/07/2020,30
barbara79,25,1,01/07/2020,30
bwilson,18,1,02/07/2020,30
marissaking,19,1,02/07/2020,30
holmeselizabeth,23,1,03/07/2020,30
vfarmer,26,1,03/07/2020,30
woneal,29,1,03/07/2020,30
francisco45,20,1,04/07/2020,30
mark72,28,1,06/07/2020,30
wgay,5,1,07/07/2020,30
amber86,25,1,07/07/2020,30
rachel26,14,1,08/07/2020,30
molinatimothy,11,1,08/07/2020,30
knappandrew,17,1,09/07/2020,30
alicia36,7,1,10/07/2020,30
sanchezbrandon,17,1,11/07/2020,30
reynoldscrystal,2,1,11/07/2020,30
fisheralicia,3,1,12/07/2020,30
carrie66,4,1,13/07/2020,30
laurenlandry,32,1,16/07/2020,30
bryangibbs,30,5,16/07/2020,150
kimberly60,12,1,18/07/2020,30
khicks,20,1,19/07/2020,30
wutroy,19,1,19/07/2020,30
rclark,13,1,19/07/2020,30
erobinson,18,1,19/07/2020,30
tanya19,6,1,19/07/2020,30
dunnjasmine,2,1,20/07/2020,30
caseyhubbard,14,1,22/07/2020,30
georgejeffrey,17,1,22/07/2020,30
stewartwendy,14,1,23/07/2020,30
solisdavid,17,1,23/07/2020,30
brookechavez,22,1,24/07/2020,30
pwatson,6,1,25/07/2020,30
craig34,14,1,27/07/2020,30
lloydjoseph,32,1,29/07/2020,30
robinsonkylie,3,1,29/07/2020,30
david49,3,1,29/07/2020,30
xjordan,4,1,30/07/2020,30
grimesjohn,2,1,31/07/2020,30
flemingmary,5,1,01/08/2020,30
christopher20,6,1,02/08/2020,30
mcintoshstephanie,15,1,03/08/2020,30
vnelson,12,1,04/08/2020,30
hansonadam,22,1,04/08/2020,30
matthew23,30,1,05/08/2020,30
lwhite,4,1,05/08/2020,30
phillip78,24,1,05/08/2020,30
destinywoods,23,1,05/08/2020,30
qhancock,17,1,06/08/2020,30
dominique58,21,1,06/08/2020,30
lsilva,30,1,06/08/2020,30
hartelizabeth,6,1,10/08/2020,30
reedantonio,23,1,10/08/2020,30
nicolemartinez,2,1,11/08/2020,30
jeremysmith,22,1,11/08/2020,30
craigedwards,5,1,13/08/2020,30
timothy32,21,1,13/08/2020,30
kathylarson,1,1,13/08/2020,30
ylawson,11,1,16/08/2020,30
joseboyd,19,1,17/08/2020,30
lukebeltran,1,1,17/08/2020,30
elizabethrussell,12,1,17/08/2020,30
michaelbaxter,30,1,18/08/2020,30
tle,1,1,18/08/2020,30
rogerscurtis,2,1,19/08/2020,30
kingmegan,18,1,20/08/2020,30
xbailey,12,1,23/08/2020,30
veronica54,18,1,24/08/2020,30
thompsonjeffrey,10,1,24/08/2020,30
scott33,4,1,24/08/2020,30
zhernandez,21,1,25/08/2020,30
vasquezanthony,2,1,25/08/2020,30
scottmckee,9,1,25/08/2020,30
jesse94,25,1,26/08/2020,30
nicholaslogan,8,1,26/08/2020,30
hunterchristopher,3,1,26/08/2020,30
justinhayes,22,1,26/08/2020,30
aliciaroberts,20,1,27/08/2020,30
sharon34,1,1,27/08/2020,30
bennettcatherine,11,8,28/08/2020,240
lparker,17,1,28/08/2020,30
mmurphy,6,1,29/08/2020,30
gmason,23,1,30/08/2020,30
tina40,14,1,30/08/2020,30
gilbertsierra,24,1,31/08/2020,30
sarah93,5,1,31/08/2020,30
amy91,32,1,31/08/2020,30
obarrett,14,1,01/09/2020,30
gmiller,23,1,02/09/2020,30
stewartcaroline,17,1,02/09/2020,30
keithhunter,1,1,03/09/2020,30
cenglish,2,1,03/09/2020,30
elliotteric,4,1,04/09/2020,30
ptrujillo,2,1,04/09/2020,30
burnsscott,8,1,05/09/2020,30
harrisjulie,14,1,07/09/2020,30
diazrebecca,8,1,08/09/2020,30
ibrandt,16,1,09/09/2020,30
gstuart,7,1,10/09/2020,30
cassandra88,5,1,10/09/2020,30
alejandroromero,19,1,13/09/2020,30
robertsonstephanie,2,1,13/09/2020,30
campbelljeffrey,2,1,14/09/2020,30
christianlynch,25,1,14/09/2020,30
caldwellmorgan,5,1,15/09/2020,30
samuel05,29,1,15/09/2020,30
gwalsh,17,1,15/09/2020,30
vhernandez,18,1,15/09/2020,30
tthomas,21,1,15/09/2020,30
joshua23,20,1,15/09/2020,30
markreed,17,1,17/09/2020,30
dgilbert,20,1,18/09/2020,30
vasquezariana,24,1,18/09/2020,30
courtney73,12,1,18/09/2020,30
ericanderson,23,1,19/09/2020,30
amber23,17,1,20/09/2020,30
caitlinpark,24,1,20/09/2020,30
harringtonbecky,1,1,21/09/2020,30
andreapittman,23,1,22/09/2020,30
sydney71,20,1,23/09/2020,30
tbarber,1,1,23/09/2020,30
oconnortiffany,18,1,23/09/2020,30
marktaylor,2,1,24/09/2020,30
mmcdowell,2,1,24/09/2020,30
elloyd,26,1,26/09/2020,30
tpotts,26,1,26/09/2020,30
melendezadrian,24,1,26/09/2020,30
weaverdeborah,2,1,27/09/2020,30
jonesshannon,28,1,28/09/2020,30
davistamara,24,1,29/09/2020,30
meganrodriguez,29,1,29/09/2020,30
woodheidi,27,1,30/09/2020,30
fischerbarry,14,1,02/10/2020,30
toni76,6,1,02/10/2020,30
jenkinsrebecca,16,1,02/10/2020,30
batesernest,32,1,03/10/2020,30
reillyadrienne,1,1,05/10/2020,30
vaughanwilliam,25,1,05/10/2020,30
smithchelsea,13,1,06/10/2020,30
brittany55,6,1,06/10/2020,30
samuelharris,13,1,06/10/2020,30
alexsmith,2,1,07/10/2020,30
pcochran,8,1,07/10/2020,30
adambaird,15,1,08/10/2020,30
michelleallen,4,1,08/10/2020,30
jharmon,25,1,09/10/2020,30
rodriguezrebecca,5,1,09/10/2020,30
joshuabrown,2,1,09/10/2020,30
zallen,16,1,10/10/2020,30
nancylee,26,1,11/10/2020,30
gutierrezsean,7,1,12/10/2020,30
tluna,30,1,12/10/2020,30
leslie15,22,1,13/10/2020,30
nicholas64,3,1,13/10/2020,30
brandywilliams,4,1,13/10/2020,30
matthewrogers,19,1,13/10/2020,30
shawphilip,5,1,14/10/2020,30
kristophermelton,16,1,15/10/2020,30
montoyanicole,1,1,16/10/2020,30
shernandez,28,1,16/10/2020,30
amandaanderson,14,1,17/10/2020,30
shawnwright,15,1,18/10/2020,30
xryan,1,1,18/10/2020,30
david80,29,1,19/10/2020,30
lisaholland,25,3,19/10/2020,90
amyhogan,13,1,19/10/2020,30
mcclureannette,14,1,20/10/2020,30
vasquezpatricia,4,1,21/10/2020,30
yumichelle,27,1,21/10/2020,30
fbriggs,26,1,22/10/2020,30
mcgeekenneth,7,1,22/10/2020,30
garciachad,2,1,22/10/2020,30
josephsnyder,26,1,22/10/2020,30
samanthaanderson,24,1,22/10/2020,30
holly74,16,1,23/10/2020,30
amylivingston,5,1,23/10/2020,30
tcampbell,18,1,23/10/2020,30
reedrenee,3,1,24/10/2020,30
priscillawilliamson,11,1,24/10/2020,30
lisalopez,5,1,27/10/2020,30
yburns,5,1,27/10/2020,30
suzannewright,3,1,29/10/2020,30
madison92,17,1,29/10/2020,30
joneskathleen,22,1,29/10/2020,30
ufitzgerald,26,1,30/10/2020,30
michael97,5,1,31/10/2020,30
xcastaneda,17,1,31/10/2020,30
tyler01,7,1,31/10/2020,30
johnball,30,3,01/11/2020,90
jackson59,20,1,01/11/2020,30
matthewsmichael,5,1,01/11/2020,30
fernandezjohn,11,1,01/11/2020,30
brianjohnson,3,1,01/11/2020,30
tiffanysantiago,18,1,01/11/2020,30
caleb17,18,1,01/11/2020,30
jefftapia,25,1,02/11/2020,30
singhangela,18,1,02/11/2020,30
lindsey90,24,1,03/11/2020,30
brownkara,8,1,03/11/2020,30
haley90,2,1,03/11/2020,30
jameshamilton,1,1,03/11/2020,30
kmanning,23,1,04/11/2020,30
gregorytony,22,1,04/11/2020,30
kbutler,4,1,05/11/2020,30
anthonyrollins,32,1,06/11/2020,30
nguyendeborah,6,1,06/11/2020,30
melinda95,25,1,07/11/2020,30
nathan68,6,1,09/11/2020,30
earnold,26,1,09/11/2020,30
regina04,4,1,10/11/2020,30
bensondana,5,1,10/11/2020,30
kimberlyingram,1,1,10/11/2020,30
washingtonjason,27,1,11/11/2020,30
alvarezcrystal,25,1,11/11/2020,30
jonathanwood,5,1,12/11/2020,30
brian33,30,1,12/11/2020,30
kathryn01,1,1,12/11/2020,30
qhudson,4,1,13/11/2020,30
sgregory,4,1,13/11/2020,30
blankenshipanthony,4,3,13/11/2020,90
bgarcia,29,1,13/11/2020,30
tduke,5,1,13/11/2020,30
elizabethhall,4,1,13/11/2020,30
tyler65,27,1,13/11/2020,30
blevinschristopher,6,1,14/11/2020,30
teresa63,2,1,15/11/2020,30
ddavis,32,1,16/11/2020,30
bbaker,30,1,16/11/2020,30
matthew73,19,1,17/11/2020,30
justin18,20,1,18/11/2020,30
tylerhartman,8,2,18/11/2020,60
aharvey,4,1,18/11/2020,30
iallen,7,1,18/11/2020,30
careysteven,6,1,19/11/2020,30
rachelmaxwell,14,1,19/11/2020,30
stephen68,1,1,20/11/2020,30
jeffreypalmer,27,1,20/11/2020,30
hthomas,8,1,21/11/2020,30
lrandall,3,1,22/11/2020,30
jshah,11,1,22/11/2020,30
mitchelllisa,17,1,23/11/2020,30
diane15,13,1,23/11/2020,30
cordovaraymond,19,3,23/11/2020,90
qhendricks,25,1,23/11/2020,30
lucas13,20,1,23/11/2020,30
ihuffman,23,1,24/11/2020,30
ngentry,3,1,24/11/2020,30
amandacrawford,6,1,24/11/2020,30
sean22,12,1,24/11/2020,30
woodsdeborah,1,1,25/11/2020,30
mary39,21,1,25/11/2020,30
mark52,12,1,26/11/2020,30
kristen41,4,1,27/11/2020,30
melissa51,1,1,27/11/2020,30
bartlettrobert,24,1,27/11/2020,30
sean68,2,2,28/11/2020,60
corey84,17,1,28/11/2020,30
yvonne28,16,1,29/11/2020,30
jenny72,2,1,29/11/2020,30
debra06,8,1,30/11/2020,30
thomastammy,2,1,01/12/2020,30
wardwilliam,27,1,01/12/2020,30
philipjones,27,1,03/12/2020,30
darlenerichard,32,1,04/12/2020,30
aprilmartin,14,1,05/12/2020,30
sanchezjonathan,14,1,05/12/2020,30
jeremymorris,22,1,05/12/2020,30
murilloamy,11,1,05/12/2020,30
anthonysteele,17,1,05/12/2020,30
brittany47,4,1,06/12/2020,30
robinsonnathan,4,1,06/12/2020,30
michael78,20,1,06/12/2020,30
connor25,9,1,06/12/2020,30
thomasjim,14,1,07/12/2020,30
ythomas,29,1,07/12/2020,30
pmeyer,23,1,08/12/2020,30
patricia39,23,1,08/12/2020,30
william38,20,1,08/12/2020,30
lauriebentley,25,1,09/12/2020,30
frankthompson,22,1,09/12/2020,30
santanarobert,4,2,09/12/2020,60
xwells,32,1,10/12/2020,30
paularnold,6,1,11/12/2020,30
jarvispamela,11,1,12/12/2020,30
sosajennifer,19,7,12/12/2020,210
robinsonryan,13,1,12/12/2020,30
veronica70,26,1,13/12/2020,30
michaelanderson,16,1,13/12/2020,30
gutierrezsean,13,1,14/12/2020,30
jgibson,19,1,14/12/2020,30
burgessabigail,32,1,14/12/2020,30
huntcynthia,12,1,15/12/2020,30
michael70,18,1,16/12/2020,30
darryl22,9,1,17/12/2020,30
gregorycory,2,1,17/12/2020,30
rodriguezarthur,28,1,17/12/2020,30
ityler,6,1,17/12/2020,30
waltonchristine,10,1,19/12/2020,30
ashlee41,6,1,20/12/2020,30
msmith,22,1,20/12/2020,30
starkcharles,32,1,20/12/2020,30
dharris,5,1,21/12/2020,30
margaretmedina,11,1,22/12/2020,30
paulcarson,23,1,23/12/2020,30
natasha50,25,1,23/12/2020,30
thompsonthomas,17,1,24/12/2020,30
ricky69,6,1,24/12/2020,30
williamkoch,6,1,24/12/2020,30
blackjulie,21,1,24/12/2020,30
brobertson,8,1,25/12/2020,30
courtneyclark,20,1,25/12/2020,30
christopher79,3,1,26/12/2020,30
michael87,24,1,26/12/2020,30
dbrown,6,1,26/12/2020,30
elizabethfox,9,3,27/12/2020,90
qhayes,23,1,27/12/2020,30
zfowler,6,1,28/12/2020,30
donaldshort,14,1,30/12/2020,30
